Spanish,Polish
de,z
que,że
no,Nie
a,a
la,.
el,.
y,Y
es,To jest
en,w
lo,to
un,a
por,za pomocą
qué,Co
me,I
una,a
los,.
se,Wiem
te,herbata
con,z
para,dla
está,ten
mi,ja
pero,ale
sí,TAk
si,TAk
bien,prawo
eso,jego
su,jego
las,.
yo,ja
del,z
como,Co
aquí,tutaj
tu,twój
al,do
más,plus
le,ty
esto,ten
todo,wszystko
ya,Już
estoy,jestem  
ahora,Teraz
muy,bardzo
ha,On ma
esta,jest
así,Więc
vamos,idziemy
algo,coś
hay,są
bueno,Dobra
tengo,Mam
él,.
cuando,gdy
estás,są
sé,ON
tú,twój
nos,nas
nada,każdy
cómo,Co
este,Wschód
o,zarówno
he,On
ser,być
tiene,mieć
puedo,Czy mogę
ella,Ona
quiero,Chcę
hacer,robić
fue,to było
gracias,Dziękuję Ci
vez,czas
era,to było
soy,jestem  
sólo,pojedynczy
todos,wszyscy
porque,dlatego
son,są
tienes,ty masz
creo,Myślę
voy,idę
sabes,wiesz
estaba,byłem
puede,Móc
eres,są
ese,że
usted,ty
entonces,następnie
hola,Witam
solo,tylko
verdad,PRAWDA
casa,Dom
tan,więc
quién,kto
sus,ich
tiempo,pogoda
dos,dwa
esa,ten
nunca,nigdy
dónde,gdzie
va,idzie
oh,Oh
favor,przychylność
mucho,dużo
mí,mój
quieres,chcesz
siento,czuję
señor,pan
mejor,lepiej
hace,czy
has,ty masz
decir,powiedzieć
también,Również
sobre,na 
dios,bóg
sin,bez
tenemos,mamy
están,Czy tak
ti,ty
puedes,możesz
ver,zegarek
hombre,mężczyźni
vida,życie
alguien,ktoś
cosas,rzeczy
siempre,na zawsze
hasta,aż do
ahí,tam
ir,iść
años,lata
antes,zanim
estar,być
ni,żaden
poco,trochę
día,dzień
uno,jeden
noche,noc
hecho,Gotowe
mis,mój
estamos,byli
otra,inny
acuerdo,umowa
trabajo,pracował
nosotros,nas
parece,Wydaje się
gente,ludzie
sea,być
padre,tata
mira,wyglądać
mismo,to samo
dijo,powiedział
nadie,nikt
quiere,chce
podría,mógłby
hablar,mówić
vas,ty idź
ellos,one
sr.,Pan.
tal,taki
pasa,dzieje się
fuera,poza
después,po
han,oni mają
desde,odkąd
dinero,pieniądze
mundo,świat
claro,Pewnie
momento,za chwilę
les,ich
tener,mieć
estado,stan
otro,inny
había,tam było
mañana,rano
tenía,miałem
madre,matka
vale,w porządku
lugar,miejsce
haciendo,zrobienie
donde,gdzie
seguro,Jasne
sabe,wie
podemos,Móc
tus,twój
espera,czekać
nuevo,Nowy
sido,został
cosa,rzeczy
hijo,syn
allí,tam
menos,mniej
tipo,Rodzaj
amigo,koleś
gran,Świetnie
nuestro,nasz
mujer,kobieta
mamá,pierś
luego,później
papá,ojciec
días,dni
dice,On mówi
hoy,Dziś
tres,trzy
buena,Dobry
necesito,potrzebne
dije,powiedział
oye,słyszy
gusta,tak jak
quería,poszukiwany
será,będzie
haber,mieć
parte,część
todas,wszystko
crees,Wierzysz
buen,Dobry
conmigo,ze mną
nombre,Nazwa
mierda,gówno
nuestra,nasz
mal,zło
debe,musi
realmente,Naprawdę
estas,te
aún,nawet
mío,Własny
toda,wszystko
hacerlo,Zrób to
cada,każdy
visto,oglądane
importa,To ma znaczenie
contigo,z Tobą
tienen,mieć
hemos,mamy
razón,powód
alguna,niektóre
tanto,tyle
saber,wiedzieć
hizo,zrobiony
veces,czasy
serio,śmiałem się
ven,chodź
idea,pomysł
eh,Hej
tarde,wieczór
problema,kwestia
hora,godzina
cierto,pewny
dicho,powiedzenie
quien,kto
demasiado,także
amor,kocham
entre,Wejdź
ve,iść
pasado,po
familia,rodzina
estos,te
policía,policjant
debería,powinien
ustedes,twój
chica,dziewczyna
esos,tych
chicos,Chłopcy
cuenta,rachunek
haces,ty robisz
todavía,już
salir,Odejdź
algún,niektóre
vaya,wow
unos,niektóre
veo,rozumiem
amigos,przyjaciele
hermano,brat
pensé,myślałem
sabía,wiedziałem
cabeza,głowa
ah,Ah
cariño,kochanie
digo,mówić
van,iść
hombres,męskie
buenas,Dobry
somos,są
cualquier,każdy
forma,Formularz
mientras,podczas gdy
lado,bok
debo,powinienem
sería,zrobiłbym
caso,walizka
pueden,mogą
pasó,Mijam
primera,pierwszy
genial,Fajny
chico,chłopak
supuesto,przypuszczalny
hice,Zrobiłem
pues,dobrze
adiós,PA
muchas,wiele
personas,ludzie
señora,Pani
volver,zwrócić
esas,tych
quizá,Może
contra,przeciwko
camino,droga
durante,w trakcie
hablando,mówić
manera,droga
muerto,nie żyje
persona,osoba
rápido,Szybki
cuál,który
ayuda,pomoc
historia,historia
iba,miałem zamiar
supongo,Chyba
nueva,Nowy
entiendo,rozumiem
dentro,w ciągu
casi,prawie
puerta,brama
ves,zobaczysz
pasar,spędzić
primero,pierwszy
significa,to znaczy
semana,tydzień
hacia,w stronę
quizás,być może
espero,czekać
juntos,razem
año,rok
niños,Dzieci
pronto,wczesny
tío,wujek
suerte,szczęście
ciudad,Miasto
siquiera,nawet
feliz,szczęśliwy
venir,przyjść
hija,córka
gustaría,chciałby
minutos,minuty
cuánto,ile
os,ty
hey,Hej
muerte,śmierć
dejar,wynajmować
realidad,rzeczywistość
deja,wynajmować
problemas,problemy
vi,widział
da,daje
importante,ważny
dijiste,powiedział
corazón,serce
miedo,strach
jefe,szef
agua,Woda
haré,zrobię
justo,tylko
horas,godziny
poder,Móc
buenos,dobre
esposa,żona
manos,ręce
debes,powinieneś
viene,pochodzi
venga,Pospiesz się
nuestros,nasz
ojos,oczy
adelante,dalej
encontrar,odnaleźć
mano,ręka
cinco,pięć
niño,mały chłopiec
ninguna,Żaden
otros,inni
cara,kosztowny
cuidado,Uważaj
bajo,gitara basowa
cerca,blisko
viejo,stary
déjame,pozwól mi
noches,Noce
bastante,Całkiem
fin,koniec
tomar,drink
único,unikalny
misma,to samo
escucha,słuchać
ningún,Żaden
suficiente,wystarczająco 
punto,punkt
cuándo,gdy
sigue,śledzić
haya,jest
equipo,ekwipunek
grande,Świetnie
necesita,musi
llegar,Dostawać
incluso,nawet
algunos,Niektóre
doctor,lekarz
difícil,ciężko
aunque,chociaż
hubiera,miał
primer,pierwszy
coche,samochód
hago,robię
clase,klasa
cuatro,cztery
mas,plus
dices,Mówisz
pequeño,mały
llama,połączenie
toma,nabierający
hiciste,zrobił
allá,tam
última,ostatni
arriba,w górę
tierra,Ziemia
guerra,wojna
pensar,myśleć
pueda,mogę
igual,Podobnie
loco,zwariowany
sangre,krew
mujeres,kobiety
vuelta,okrążenie
fui,byłem
trabajar,pracować
tenido,Barwiony
juego,bawić się
deberías,powinieneś
cuerpo,Ciało
e,oraz
algunas,niektóre
entrar,wchodzić
cree,Uważać
podía,mógłby
debemos,musi
oportunidad,szansa
teléfono,telefon
necesitamos,potrzebować
final,finał
listo,sprytny
fiesta,przyjęcie
muchos,Wiele
estabas,Ty byłeś
quieren,Chcą
vete,Idź stąd
auto,automatyczny
dar,dawać
vivir,żyć
posible,możliwy
ok,w porządku
hermana,siostra
número,numer
meses,miesiące
exactamente,dokładnie
culpa,wada
abajo,na dół
escuela,szkoła
ido,odszedł
fuerte,silny
diciendo,powiedzenie
habla,przemówienie
esté,Wschód
ello,to
pregunta,Pytanie
chicas,dziewczyny
eran,byli
unas,gwóźdź
pasando,pójście
atrás,za
malo,zły
capitán,kapitan
sra.,Pani
bebé,Dziecko
segundo,druga
sabemos,wiemy
mayor,Starsi
comida,jedzenie
morir,Umrzeć
conozco,wiedzieć
dame,daj mi
fácil,łatwo
comer,jeść
vino,przyszło
lista,gotowy
haga,robić
necesitas,potrzebujesz
hijos,synowie
probablemente,prawdopodobnie
padres,Ojcowie
habitación,Pokój
creer,uważać
pensando,myślący
fueron,byli
dime,powiedz mi
trata,o
buscando,badawczy
tuve,miałem
tampoco,zarówno
amo,kocham
joven,młody człowiek
podrías,mógłbyś
sola,sam
par,para
única,tylko
hacen,robić
seguir,kontynuować
dr.,Dr.
simplemente,po prostu
dicen,Mówią
medio,średni
puta,suka
saben,Oni wiedzą
sentido,sens
hagas,ty robisz
segura,bezpieczny
esperar,oczekiwać
lejos,daleko
arma,broń
alto,wysoki
pequeña,mały
dólares,Dolary
seis,sześć
estaban,Byli
seguridad,bezpieczeństwo
maldita,cholerny
estuvo,on był
preocupes,martwić się
palabra,słowo
esperando,mieć nadzieję na
queda,pozostaje
oficina,gabinet
matar,zabić
iré,pójdę
cama,łóżko
además,co więcej
último,najnowszy
oído,ucho
habría,byłoby
estará,będzie
dio,dało
recuerdo,pamięć
siendo,istnienie
acerca,o
tenga,mieć
luz,światło
correcto,Prawidłowy
ud.,Ty.
demonios,Demony
nuestras,nasz
verte,by zobaczyć Ciebie
dormir,spać
sitio,miejsce
ayudar,Wsparcie
conseguir,Dostawać
di,dał
marido,mąż
paz,pokój
idiota,kretyn
plan,plan
dado,dany
cuanto,ile
peor,gorzej
murió,Umarł
pueblo,wieś
vivo,relacja na żywo
venido,przychodzę
john,Jan
basta,Wystarczająco
paso,krok
deberíamos,powinniśmy
música,muzyka
diga,Mówić
minuto,minuta
anoche,Ostatnia noc
llamar,zadzwonić
piensa,myśleć
país,kraj
digas,mówisz
rey,król
perdón,przepraszam
mucha,dużo
falta,brak
pienso,Myślę
diablos,Diabły
perdido,Stracony
niña,mała dziewczynka
señorita,Tęsknić
diez,dziesięć
lleva,przewozi
hospital,szpital
grandes,wielki
maldito,cholernie
otras,inni
llamado,nazywa
hacemos,robimy
llevar,nosić 
fuego,ogień
aqui,tutaj
tuvo,On miał
poner,położyć
calle,ulica
acaba,tylko
prueba,Test
increíble,niesamowite
real,prawdziwy
libro,książka
orden,zamówienie
semanas,tygodnie
especial,specjalny
mía,moje
café,Kawa
duro,Trwał
empezar,początek
afuera,poza
queremos,chcemy
perro,pies
cielo,kochanie
jack,Jacek
puesto,Stragan
viaje,wycieczka
detrás,za
cuarto,czwarty
querida,Drogi
haría,zrobiłby
preguntas,pytania
piensas,Myślisz
querido,Drogi
libre,darmowy
buscar,Szukaj
cual,który
diré,powiem
suena,Dźwięki
jugar,bawić się
cambio,zmiana
película,film
millones,miliony
habrá,tam będzie
llamada,połączenie
resto,reszta
vemos,widzimy
extraño,dziwny
mala,zły
presidente,Prezydent
srta.,SM.
irme,Iść
ropa,odzież
perder,stracić
vuelve,Wróć
agente,agent
palabras,słowa
información,Informacja
raro,rzadki
hará,zrobi
entiendes,Rozumiesz
éste,Wschód
trabajando,pracujący
tratando,próbować
general,ogólny
trato,sprawa
usar,posługiwać się
perfecto,idealny
derecho,prawo
modo,tryb
ayer,Wczoraj
conoces,wiesz
demás,reszta
quieras,Chcesz
podríamos,moglibyśmy
noticias,Aktualności
asesino,morderca
encontrado,znaleziony
control,kontrola
odio,nienawiść
frente,przód
sexo,seks
decirle,Powiedz mu
estaré,będę
divertido,zabawny
armas,bronie
recuerdas,Zapamiętaj
amiga,przyjaciel
grupo,grupa
asunto,romans
acabo,skończone
mensaje,wiadomość
encima,koniec
atención,Uwaga
diferente,różne
uh,Uh
cállate,zamknąć
daño,szkoda
sucede,dzieje się
cambiar,zmiana
siguiente,Następny
sino,Inaczej
the,.
seas,Jesteś
médico,medyczny
boca,usta
dejó,wynajmować
error,błąd
jamás,Nigdy
largo,długość
pena,żałość
voz,głos
futuro,przyszły
siente,Czuć
secreto,sekret
baño,kąpiel
mil,tysiąc
decirte,Powiedz ci
sam,Sam
pensaba,myśl
novia,dziewczyna
propia,własny
sueño,spać
haz,robić
fuerza,siła
deben,Oni muszą
supone,Przypuszczuje
estábamos,Byliśmy
ambos,oboje
ay,Oh
estuve,był
encontré,znalazłem
vuelto,obrócony
dolor,ból
dile,Powiedz mu
encanta,kocha
edad,wiek
darle,daj mu
pie,stopa
negro,czarny
ganar,osiągać
york,York
aire,powietrze
lamento,lament
verlo,zobaczyć go
asesinato,morderstwo
vio,on widział
adónde,gdzie
llegado,przybył
disculpe,wybaczcie mi
s,s
cita,data
estaría,Byłoby
fuiste,ty byłeś
sistema,system
gusto,smak
pobre,słaby
negocio,biznes
mente,umysł
tuyo,Twój
campo,wieś
mire,Patrzeć
situación,sytuacja
tras,po
hotel,hotel
vosotros,ty
funciona,Pracuje
foto,Zdjęcie
abogado,adwokat
loca,zwariowany
propio,własne ja
alrededor,na około
próxima,następny
terminado,skończone
hablas,mówić
pagar,płacić
mató,zabity
llamo,nazywa
personal,personel
sientes,czujesz
ocurre,występuje
ésta,jest
recuerda,Zapamiętaj
mitad,połowa
quiera,chcieć
pelo,włosy
tenías,Miałeś
viste,sukienki
oficial,urzędnik
llegó,przybywam
compañía,firma
relación,relacja
conoce,znany
pase,dzieje się
montón,działka
mejores,Top
creí,wierzyłem
cena,Obiad
sentir,czuć
través,poprzez
accidente,wypadek
i,Siema
ellas,one
caja,Kasa
tranquilo,spokojna
bonito,ładny
eras,wieczność
asi,Więc
pudo,mógłby
vive,to żyje
vista,pogląd
estúpido,idiota
línea,linia
caballeros,Panowie
haremos,będzie
dan,dawać
quédate,zostawać
tienda,sklep
comprar,kupić
entendido,jest to zrozumiałe
centro,środek
salvo,oprócz
mes,miesiąc
joe,Joe
sol,słońce
tonto,głupiec
hambre,głód
michael,Michał
mesa,stół
respuesta,odpowiedź
completamente,całkowicie
david,David
carta,list
totalmente,całkowicie
imposible,niemożliwy
pruebas,Testy
novio,chłopak
normal,normalna
gustan,tak jak
frank,Szczery
pude,mógłbym
charlie,Charlie
traje,kostium
dirección,adres zamieszkania
siete,siedem
dijeron,Oni powiedzieli
placer,przyjemność
sean,Sean
tendrá,będzie miał
barco,łódź
blanco,biały
tom,Tomek
profesor,profesor
servicio,usługa
muchacho,młody gość
reunión,spotkanie
dejado,lewy
ley,prawo
quisiera,chciałbym
hubo,tam było
george,Jerzy
programa,Program
carrera,Wyścig
cumpleaños,urodziny
muchachos,chłopcy
culo,tyłek
canción,utwór muzyczny
hermosa,Piękny
universidad,Szkoła Wyższa
boda,ślub
decirme,Powiedz mi
cualquiera,każdy
tengas,Posiadać
hacía,w stronę
estés,być
sala,salon
llevo,nosić 
decisión,decyzja
espere,Czekać
don,Przywdziewać
necesario,niezbędny
sal,Sól
entra,wchodzi
prisa,wysypka
carajo,pierdolić
embargo,embargo
interesante,ciekawe
tendrás,będziesz miał
escuchar,słuchać
abuela,babcia
hicieron,zrobili
detective,detektyw
horrible,okropny
suelo,ja zwykle
fotos,Zdjęcia
cárcel,więzienie
acá,tutaj
io,Io
mike,Mikrofon
siéntate,Usiądź
decía,Powiedział
intentando,próbować
vámonos,Chodźmy
maldición,cholerny
silencio,cisza
muerta,nie żyje
capaz,zdolny
salió,wyszedł
club,Klub
terminar,skończyć
temo,Boję się
broma,żart
gobierno,rząd
prometo,obiecuję
cámara,aparat fotograficzny
media,połowa
terrible,straszny
llamó,Dzwonię
regalo,prezent
amable,delikatny
dulce,Słodkie
muertos,nie żyje
querías,Chciałeś
ataque,atak
das,dajesz
navidad,Boże Narodzenie
negocios,biznes
pudiera,mógłby
ocho,osiem
avión,samolot
investigación,Badania
acabó,tylko
juro,przysięgam
mantener,utrzymać
ejército,armia
papel,papier
partes,Imprezy
ten,Dziesięć
gracioso,zabawny
diría,powiedziałbym
principio,początek
delante,z przodu
teniente,porucznik
deseo,pragnienie
vayas,iść
nave,statek
sale,wychodzi na jaw
basura,śmieci
vine,przyszło
contacto,Kontakt
esposo,mąż
tren,pociąg
encontramos,znaleźliśmy
dale,Zacząć robić
verdadero,prawdziwy
tuya,Twój
alma,dusza
hazlo,Zrób to
disculpa,Przepraszam
junto,razem
anda,spcerować
tendré,będę miał
matrimonio,małżeństwo
saberlo,wiedzieć
locura,szaleństwo
oro,Modliłem się
permiso,pozwolenie
director,dyrektor
peligro,zagrożenie
libertad,wolność
alegro,zadowolony
baja,niski
tendremos,będziemy mieli
derecha,prawo
encuentra,odnaleźć
pies,stopy
segunda,druga
maravilloso,wspaniale
espacio,przestrzeń
rato,chwileczka
abuelo,Dziadek
esperaba,oczekiwałem
mirando,patrzeć na
salud,Zdrowie
sorpresa,niespodzianka
ninguno,Żaden
miren,Patrzeć
triste,smutny
aun,nadal
pensado,wymyślony
maestro,nauczyciel
según,według
infierno,piekło
podrían,mógłby
tipos,typy
tía,ciotka
crimen,przestępczość
conocido,znany
consejo,Wskazówka
ante,ze względu na
iglesia,kościół
intento,próbować
mayoría,bardzo
doy,dawać
peter,Piotr
hicimos,zrobiliśmy
escena,scena
piso,mieszkanie
señal,podpisać
honor,zaszczyt
llamas,połączenia
abre,otwiera się
cerebro,mózg
veras,zobaczysz
viendo,widzenie
pone,miejsca
pregunto,pytam
cocina,kuchnia
vestido,sukienka
inteligente,inteligentny
vieja,staruszka
caballo,koń
vienen,przyszli
vidas,zyje
bar,bar
corte,Sąd
sucedió,stało się
adentro,wewnątrz
drogas,Leki
enseguida,od razu
busca,Szukaj
agradable,ładny
carne,mięso
parecía,wyglądał jak
departamento,dział
lindo,ładny
mar,morze
duda,wątpić
edificio,budynek
conocer,wiedzieć
cargo,pozycja
víctima,ofiara
luna,Księżyc
energía,Energia
frío,przeziębienie
hablo,rozmawiałem
baile,taniec
trabaja,Pracuje
misión,misja
listos,Gotowy
ayudarte,pomóc Ci
izquierda,lewy
paul,Paweł
beber,pić
deje,Odejdź
finalmente,Wreszcie
simple,prosty
daré,ja dam
sabías,Wiedziałaś
puedas,Możesz
puso,położyć
creía,wierzyłem
regresar,wracać
llega,przybywa
entender,rozumieć
mirar,patrzeć na
sacar,Brać
cambiado,zmienione
trae,Przynieść
hermoso,przystojny
opinión,opinia
verás,zobaczysz
linda,ładny
apenas,ledwie
segundos,sekundy
cerveza,piwo
harás,zrobisz
estuviera,byłem
creen,Uważają
oír,słyszeć
tendría,miałby
cuántos,wiele
hablado,Mówiony
hablamos,Mówimy
reina,królowa
temprano,wczesny
tema,motyw
prisión,więzienie
porqué,dlatego
vuelva,Zwrócić
público,publiczny
ocurrió,Tak się stało
veré,zobaczę
salvar,ratować
partido,mecz
bonita,ładny
joder,pierdolić
causa,przyczyna
caliente,gorący
sargento,sierżant
cenar,tania restauracja
compañero,współpracownik
llevó,nosić 
banco,Bank
existe,istnieje
ben,Ben
zona,strefa
destino,przeznaczenie
base,baza
solía,przyzwyczajony
cliente,klient
irse,Odejdź
perra,suka
james,James
encuentro,spotkanie
encontró,znalazł
pelea,Walka
san,święty
norte,północ
quise,Chciałem
coronel,pułkownik
apuesto,przystojny
peligroso,niebezpieczny
viva,relacja na żywo
max,Max
vienes,Przyjeżdżacie
necesitan,Oni potrzebują
té,herbata
excepto,oprócz
juicio,osąd
podamos,możemy
llave,klucz
equivocado,zło
posición,pozycja
trasero,tył
irnos,Iść
espalda,plecy
excelente,Doskonały
éxito,powodzenie
modos,Tryby
ventana,okno
veamos,Zobaczmy
especie,gatunek
teníamos,mieliśmy
diferencia,różnica
formas,kształty
pedir,zapytać się
últimos,ostatni
escúchame,Posłuchaj mnie
ejemplo,przykład
ése,że
radio,radio
lee,czytać
calma,Uspokoić się
hogar,Dom
volveré,wrócę
fondo,tło
humano,człowiek
henry,Henz
tí,ty
iremos,pójdziemy
unidos,Zjednoczony
habían,Byli
jesús,Jezus
planeta,planeta
verme,Zobacz mnie
respecto,szacunek
regreso,Zwrócić
debido,należny
seré,będę
tenían,Oni mieli
leer,czytać
parar,Zatrzymaj się
lleno,pełny
dejé,Odejdź
respeto,Poszanowanie
debajo,pod 
harry,Złupić
escribir,pisać
estación,stacja
pidió,spytał
alta,wysoki
pista,Wskazówka
estrella,gwiazda
enfermo,chory
duele,boli
sueños,sny
veremos,zobaczymy
miles,Tysiące
darme,daj mi
órdenes,Zamówienia
ocupado,zajęty
sigues,Czy wciąż jesteś
corre,Biegi
podido,Mam
dejes,Wyjechać
nivel,poziom
habéis,Ty masz
experiencia,doświadczenie
darte,dać Ci
salida,Wyjście
decirlo,Powiedz to
confiar,zaufanie
hacerte,Zrobić cię
necesitaba,potrzebne
hermanos,bracia
zapatos,buty
color,kolor
vistazo,zerknąć
nena,pisklę
tratar,leczyć
parecer,wyglądać
juez,sędzia
próximo,następny
paciente,pacjent
hayas,być
bolsa,torba
arte,sztuka
mary,Mary
jugando,Gra
llevas,Nosisz
alegra,Alegra
bailar,taniec
diablo,Diabeł
oí,słyszałem
sepa,Wiedzieć
estarás,Będziesz
sur,południe
banda,pasmo
aprender,uczyć się
precio,Cena £
completo,kompletny
santo,święty
culpable,winny
ganas,pragnienie
tuvimos,Mieliśmy
you,Ty
verla,Zobacz to
volvió,zawrócił
libros,książki
ojo,oko
serán,będzie
cielos,Niebiosa
matado,zabity
azul,niebieski
diferentes,różne
irte,iść
ia,IA
comandante,dowódca
acción,akcja
reglas,zasady
obra,budowa
esperanza,nadzieja
cuestión,pytanie
molesta,smutny
teniendo,mający
bill,Rachunek
informe,raport
jimmy,Jimmy
río,rzeka
bienvenido,Powitanie
abrir,otwarty
tocar,bawić się
bob,Pion
contar,liczyć
sigo,podążam
interior,w środku
apartamento,apartament
vea,Widzieć
estados,państwo
estáis,Jesteś
preocupa,zmartwienia
tomó,biorę
principal,poważny
empieza,zaczynać
londres,Londyn
empezó,zaczęło się
vayan,iść
jim,Jim
llaman,Oni dzwonią
ojalá,Chciałbym
perdona,przepraszam
vuelvo,wrócę
golpe,cios
quedarme,zostawać
llamaré,zadzwonię
acabado,koniec
estilo,styl
nueve,dziewięć
definitivamente,Zdecydowanie
quedar,zostawać
cartas,karty
bomba,bomba
guardia,strażnik
pistola,pistolet
probar,próbować
majestad,majestat
traer,przynieść
marcha,Marsz
pareces,Wydajesz się
común,wspólny
aquel,że
hacerle,robić
vuelo,lot
nota,Notatka
danny,Danny
humanos,Ludzie
estaremos,będziemy
valor,wartość
suyo,Twój
objetivo,cel
repente,Nagle
debía,powinien
rojo,czerwony
bromeando,żartowanie
irá,zamierzać
entrada,wejście
doble,podwójnie
dejaré,opuszczę
evitar,unikać
máquina,maszyna
cuello,szyja
conocí,spotkałam się
tiempos,czas
tome,Brać
nick,Nacięcie
animales,Zwierząt
alex,Alex
acaso,być może
tuviera,miał
pareja,partner
verano,lato
escuché,słuchać
ama,Miłość
serás,będziesz
mentira,kłamstwo
tarjeta,karta
hagan,robić
perdí,Spóźniłam się
correr,biegać
steve,Steve
traído,przyniósł
llegue,przybyłem
preparado,przygotowany
haberlo,mieć
tony,Tony
usa,użycie
intentar,próba
ayudarme,Pomóż mi
flores,kwiaty
dando,dający
vos,ty
opción,opcja
isla,wyspa
cierra,Blisko
piel,skóra
enemigo,wróg
dejo,lewy
exacto,dokładny
imbécil,głupiec
jóvenes,młodzież
pedido,zamówienie
larga,długie
entiende,rozumie
justicia,Sprawiedliwość
nuevos,Nowy
obviamente,oczywiście
despierta,Obudź się
pido,pytam
calor,ciepło
luces,światła
refiero,To znaczy
fuimos,wszedł 
batalla,bitwa
déjalo,Zostaw to w spokoju
intenta,Próbować
sarah,Sarah
fantástico,fantastyczny
brazo,ramię
absolutamente,absolutnie
llena,pełny
hacerme,zmuś mnie
salga,na zewnątrz
recordar,zapamiętać
escapar,uciec
bosque,las
gay,Gay
señores,Sirs
quedan,Pozostają one
piernas,nogi
visita,wizyta
parís,Paryż
usando,ma na sobie
ganado,żywy inwentarz
movimiento,ruch
blanca,biały
rico,bogaty
inocente,niewinny
pesar,ważyć
absoluto,absolutny
vacaciones,wakacje
um,um
mismos,to samo
tomado,zajęty
habías,Ty byłeś
planes,Plany
cine,kino
toca,Dotknięci
brillante,lśniące
confianza,zaufanie
vuestra,twój
nombres,Nazwy
especialmente,szczególnie
fbi,FBI
embarazada,w ciąży
esperen,Czekać
pantalones,Spodnie
defensa,obrona
terminó,termin
salido,wyszedł
estupendo,Świetnie
jane,Jane
presión,Nacisk
inmediatamente,od razu
testigo,świadek
deberían,Oni powinni
olvidado,zapomniany
soldados,żołnierski
resulta,wynik
tommy,Tommy
depende,zależy
motivo,powód
inglés,język angielski
suya,jej
estudio,nauka
acabar,koniec
sentimientos,uczucia
tomando,nabierający
dieron,Dali
parecen,wyglądają na
llaves,Klucze
perros,psy
propósito,zamiar
noticia,Aktualności
partir,Odejdź
vuestro,twój
metros,metry
santa,Święty
quedarse,zostać
clientes,klienci
podrá,Móc
cuántas,ile
ridículo,śmieszny
damas,damski
estuviste,Ty byłeś
tranquila,cichy
operación,operacja
come,jeść
empresa,biznes
ayúdame,Pomóż mi
laboratorio,laboratorium
elección,wybór
menudo,często
beso,pocałunek
copa,Filiżanka
conversación,rozmowa
brazos,ramiona
espíritu,duch
dejas,pozwalasz
cansado,zmęczony
interesa,zainteresowania
refieres,Masz na myśli
casado,żonaty
enorme,ogromny
asuntos,spraw
fe,wiara
muestra,próbka
trampa,pułapka
ray,Promień
billy,Menażka
memoria,pamięć
johnny,Jasio
contrario,przeciwnie
soldado,żołnierz
subir,wchodzić
turno,skręcać
encantaría,Zachwyciłbym
preocupado,zainteresowany
restaurante,restauracja
saliendo,wychodzić
escrito,pisemny
cálmate,Spokojnie
bienvenida,Witam
caer,spadek
llevaré,Będę nosić
leche,mleko
estrellas,gwiazdy
prefiero,wolę
red,internet
viejos,stary
solamente,tylko
oiga,Słuchać
estén,są
cuentas,Konta
taxi,taksówka
anillo,dzwonić
richard,Richard
preguntar,zapytać
victoria,zwycięstwo
quiénes,Kto to jest
héroe,bohater
pequeños,maluchy
decidido,zdecydowany
películas,filmy
responsable,odpowiedzialny
trago,drink
volverá,Wrócić do
árbol,drzewo
ibas,Ty byłeś
dientes,zęby
encantado,zachwycony
camión,ciężarówka
vender,Sprzedać
llame,dzwoniłem
detente,Zatrzymaj się
luchar,walka
cabo,peleryna
ruido,hałas
lucha,walka
muere,Idź martwy
reloj,zegar
gato,kot
averiguar,rozwiązać
volar,latać
vayamos,Chodźmy
tanta,Tak wiele
vendrá,przyjdzie
corriendo,w pośpiechu
yendo,pójście
colegio,Szkoła Wyższa
sonido,dźwięk
caballero,Rycerz
pasada,podawać
código,kod
hagamos,Zróbmy
imagen,obraz
riesgo,ryzyko
llegamos,dotarliśmy
alguno,niektóre
pan,chleb
millón,milion
malas,zły
dama,dama
hielo,lód
coño,stożek
cayó,to spada
prensa,naciśnij
querer,chcieć
vengan,chodź
eddie,Eddie
caminar,iść
televisión,telewizja
pasará,to się stanie
momentos,Chwile
coger,Brać
posibilidad,możliwość
hubiese,byłoby
mark,Ocena
asiento,siedzenie
tuviste,Widziałeś
herido,ranny
maría,Maria
seguramente,pewno
proyecto,Projekt
pared,Ściana
sentí,poczułem
sospechoso,podejrzany
naturaleza,Natura
ésa,ten
silla,krzesło
perdió,Stracony
robert,Robert
policías,Policja
arreglar,zorganizować
sentado,siedzący
papi,Tatuś
ideas,Pomysły
obtener,Dostawać
felices,Szczęśliwy
señoría,panowanie
cantidad,ilość
bebe,Dziecko
mírame,Spójrz na mnie
chris,Chris
papa,tata
llorar,opłakiwać
quedó,To było
familiar,rodzina
desastre,katastrofa
locos,zwariowany
escuche,słuchałem
quedarte,zostawać
política,Polityka
pedí,Zapytałam
sois,ty jesteś
nosotras,my
will,Będzie
enfermedad,choroba
encontraron,Znaleźli
colega,kolega z pracy
príncipe,księciem
verde,Zielony
bajar,spadać
nervioso,Wysoce uderzone
vengo,przychodzę
inspector,inspektor
sirve,służy
puertas,drzwi
fuerzas,siły
playa,plaża
cantar,śpiewać
déjeme,Zostaw mnie
velocidad,prędkość
total,całkowity
cabello,włosy
suficientemente,wystarczająco 
huellas,Ślady
haberte,czy ty
debí,Debí
unidad,Jednostka
estan,są
cuchillo,nóż
t,t
oigan,Hej
quienes,kto
gana,Wygrać
tonterías,bzdury
emergencia,nagły wypadek
perfecta,Idealny
hable,Rozmawiałem
gustaba,lubił
lugares,miejsca
ryan,Ryan
show,Pokazać
robo,Ukradłem
permite,To pozwala
parque,park
uds.,Ty.
roto,złamany
serie,Serie
puse,włożyłem
nuevas,Nowy
evidencia,dowód
conocerte,znam cię
estúpida,głupi
preocupe,martwić się
perdone,Przebaczyć
botella,butelka
viento,wiatr
mando,wysyłam
extraña,dziwny
historias,historie
aquella,że
tenéis,ty masz
solos,sam
apoyo,wsparcie dla
bala,pocisk
verdadera,Prawdziwe
tiro,rzucił
época,epoka
puente,most
olvídalo,zapomnij o tym
distancia,dystans
desea,chce
dejarlo,zostaw to
pelear,kłócić się
pierna,noga
echar,rzucić
descanso,przerwanie
américa,Ameryka
área,powierzchnia
orgulloso,dumny
datos,dane
espectáculo,pokazać
sube,idzie w górę
dejaste,Ty odszedłeś
acabas,Skończysz
verá,Zobaczysz
magia,magia
nacional,krajowy
universo,wszechświat
llevaba,miałem
necesitar,potrzebować
nariz,nos
aquellos,tych
clases,Lekcje
jake,Jake
casas,domy
vergüenza,wstyd
estarán,będzie
monstruo,potwór
princesa,księżniczka
autobús,autobus
cuidar,opiekować się
ei,Ei
huevos,jajka
pocos,mało
podrás,możesz
enferma,chory
paseo,spcerować
detalles,Detale
llamadas,połączenia
belleza,piękno
francia,Francja
abierto,otwarty
viviendo,żyjący
envió,Wysyłka
puntos,zwrotnica
ministro,Minister
conducir,jeździć
aceptar,akceptować
borracho,pijany
animal,zwierzę
caballos,Konie
trajo,Przyniósł
contrato,kontrakt
viernes,Piątek
bobby,Konstabl
martin,Jaskółka oknówka
amy,Amy
bienvenidos,Powitanie
ex,były
hechos,fakty
sociedad,społeczeństwo
dra.,Dra.
tengan,mieć
quede,pozostać
inglaterra,Anglia
carga,ciężar
diste,daliście
puto,pierdolony
lleve,niosłem
presente,Teraźniejszość
conocía,wiedziałem
uso,posługiwać się
dedos,palce
oferta,oferta
sentía,poczułem
proteger,chronić
daniel,Daniel
date,Data
hiciera,zrobiony
hablé,Rozmawiałem
recibir,otrzymać
agradezco,doceniam
robar,Kraść
enamorado,kochany
sepas,wiedzieć
oeste,Zachód
herida,rana
despacio,powoli
ayude,Wsparcie
supe,wiedziałem
directamente,bezpośrednio
inmediato,natychmiastowy
profesional,profesjonalny
oscuro,Ciemny
mercado,rynek
cerdo,mięso wieprzowe
tardes,wieczór
líder,Lider
grave,poważny
llegué,przybyłem
jurado,jury
casos,sprawy
acuerdas,Zgadzasz się
ahi,tam
desaparecido,zaginiony
debió,miał
hubieras,Miałbyś
últimamente,ostatnio
piedra,złóg
éramos,Byliśmy
habló,mówić
charles,Charles
paga,płacić
secretos,Tajniki
digamos,Powiedzmy
intención,zamiar
humor,humor
dura,ciężko
dará,dać
seguros,Ubezpieczenie
leo,Lew
adam,Adam
and,oraz
ángeles,aniołowie
querría,Chciałbym
cerrar,zamknąć
conseguido,osiągnięte
peso,waga
víctimas,ofiary
asesinado,zamordowany
humana,człowiek
directo,proste
central,centralny
termina,kończy się
compañeros,Towarzysze
escuchado,Słuchałem
contento,zadowolony
llevan,Niosą
podré,Będę mógł
oscuridad,ciemność
actuar,Działać
siga,Podążać
llevado,realizowane
comenzó,zaczęła się
regresa,wrócił
privado,prywatny
mirada,wyglądać
demonio,zło
abierta,otwarty
kevin,Kevin
m,m
llámame,Zadzwoń
siguen,Oni kontynuują
romper,przerwanie
cambia,Zmiana
fiscal,fiskalny
jardín,dziedziniec
natural,naturalny
gratis,darmowy
cuesta,koszt
amenaza,groźba
pon,położyć
marca,Marka
comenzar,zaczynać
ponte,położyć
medicina,lekarstwo
podremos,będziemy mogli
tomé,Brać
preciosa,cenny
sexual,seksualny
acceso,dostęp
necesidad,potrzebować
dueño,właściciel
merece,zasługuje na
rayos,Promień
d,d
mintiendo,kłamliwy
tantas,wiele
imagino,wyobrażam sobie
fantasma,duch
creerlo,Uwierz w to
llamé,dzwoniłem
ponga,Położyć
brian,Brian
dé,z
pollo,kurczak
varios,kilka
efecto,efekt
felicidad,szczęście
espada,miecz
relaciones,relacje
entró,wchodzę
resultado,wynik
sombrero,kapelusz
menor,drobny
recibido,Odebrane
negra,Czarny
to,do
habido,Były
limpio,Oczyszczone
china,Chiny
juegos,Gry
correo,Poczta
confía,Zaufanie
video,wideo
perfectamente,doskonale
harán,Oni zrobią
teatro,teatr
dormido,we śnie
local,lokalny
quedado,lewy
lástima,szkoda
calles,ulice
créeme,Zaufaj mi
responsabilidad,odpowiedzialność
búsqueda,Szukaj
dedo,palec
tonta,głupi
recuerdos,pozdrowienia
razones,powody
escuchando,słuchający
eric,Eric
elegir,wybierać
amas,Kochasz
huele,zapach
almuerzo,obiad
cien,Sto
adn,DNA
tantos,tak wiele
pago,Zapłata
normalmente,zwykle
mr,Pan
pastel,ciasto
bastardo,bękart
cinta,Opaska
pasé,dzieje się
dígame,powiedz mi
anna,Ania
costa,Wybrzeże
levántate,Wstań
llamando,powołanie
cerrado,Zamknięte
interés,odsetki
enfermera,pielęgniarka
comienzo,początek
olvidé,zapomniałem
fuese,To było
militar,wojskowy
polvo,pył
bella,piękny
quedo,Pozostaję
kate,Kate
encontraste,w przeciwieństwie do tego
voluntad,Będzie
varias,kilka
teoría,teoria
roja,Czerwony
cuento,fabuła
escenario,sceneria
diario,codzienny
propiedad,własność
agujero,otwór
aspecto,wygląd zewnętrzny
campamento,obóz
descansar,reszta
matarme,Zabij mnie
metido,zaangażowany
quiso,On chciał
ángel,Anioł
enviar,Wysłać
impresionante,Wspaniały
proceso,proces
intentado,wypróbowany
mio,moje
fuente,czcionka
alcalde,burmistrz
ocurrido,stało się
malos,zły
carretera,Autostrada
desapareció,On zniknął
desayuno,śniadanie
débil,słaby
roma,Rzym
sabido,znany
comienza,zaczyna się
tambien,Również
intentarlo,próbować
miembro,członek
perdiendo,przegrywający
hayan,mieć
fueras,Ty byłeś
resultados,wyniki
jerry,Nocnik
mata,Krzak
sr,Pan
valiente,odważny
deber,musieć
pecho,skrzynia
gustó,smak
oyes,słyszysz
thomas,Tomasz
periódico,Gazeta
mami,mamusia
piensan,Myślą
washington,Waszyngton
tv,telewizja
cansada,Zmęczony
limpiar,sprzątać
crear,do stworzenia
explicar,wyjaśnić
robado,Skradziony
resolver,rozwiązywać
maté,kumpel
guapo,Przystojny
continuar,kontynuować
sheriff,Szeryf
funcionar,funkcjonować
extra,dodatkowy
primo,kuzyn
manejar,uchwyt
primeros,pierwszy
acto,akt
poniendo,wystawienie
números,liczby
kilómetros,kilometry
andy,Andy
llevará,mieć przy sobie
rachel,Rachel
niñas,Dziewczyny
premio,nagroda
internet,Internet
harías,Ty byś zrobił
inútil,Bezużyteczny
domingo,Niedziela
tomas,Trwa
sensación,uczucie
alcohol,alkohol
tercera,trzeci
agentes,Agenci
disculpas,Przeprosiny
antiguo,starożytny
guapa,piękny
asustado,przestraszony
puedan,Móc
sexy,seksowny
genio,geniusz
recuperar,odzyskać
creemos,Wierzymy
lengua,język
ladrón,złodziej
intenté,próbowałem
examen,test
deprisa,szybki
montaña,Góra
durmiendo,spanie
disparar,strzelać
entrenador,trener
queso,ser
entero,cały
papeles,dokumenty tożsamości
pones,Położyłeś
modelo,Model
fútbol,piłka nożna
detener,mający
lados,boki
miembros,członkowie
sábado,Sobota
pongo,włożyłem
mataron,Oni zabili
vuelvas,Wróć
talento,talent
descubrir,odkryć
gordo,Tłuszcz
tribunal,Sąd
toque,Dotknąłem
wow,wow
hables,Ty mówisz
conocemos,Wiemy
haberme,mieć
dispuesto,gotowy
tamaño,rozmiar
dejen,Wyjechać
maravillosa,wspaniale
invitado,Gość
importantes,ważny
derechos,Prawa
scott,Scott
declaración,oświadczenie
claramente,Wyraźnie
pacientes,pacjenci
pérdida,strata
in,w
iban,szli
pudiste,Mógłbyś
profundo,głęboko
gas,gaz
aeropuerto,Lotnisko
consigue,Dostawać
olvidar,zapominać
gloria,chwała
olvides,Zapominać
volviendo,Wracając
coge,Brać
fué,to było
llamaba,dzwoniłem
pete,Pete
tendrán,Oni będą mieć
instituto,Instytut
disparo,Strzelanie
encuentras,Znalazles
querían,Chcieli
hablemos,Porozmawiajmy
dia,dzień
enviado,wysłać
pertenece,To należy
sienta,Czuć
pensó,myśl
cadáver,zwłoki
gracia,Łaska
doctora,lekarz
escuchen,słuchać
amante,kochanek
temporada,pora roku
kim,Kim
cuerpos,ciała
amigas,przyjaciele
larry,Larry
preguntaba,Zapytałam
francés,Francuski
mataste,zabić cię
techo,sufit
íbamos,Chodziliśmy
protección,ochrona
médicos,Lekarze
lisa,gładki
venganza,zemsta
pensamos,Myślimy
walter,Walter
contó,powiedział
discutir,kłócić się
comprendo,Rozumiesz
idiotas,idioci
enemigos,wrogowie
camisa,podkoszulek
superior,wyższy
criminal,kryminalista
preocupada,zmartwiony
bote,łódź
escribió,napisał
llevamos,my nosimy
testigos,Świadkowie
recoger,ulec poprawie
emily,Emilia
truco,sztuczka
jason,Jason
original,oryginał
pide,pyta
jeff,Jeff
rosa,Róża
mama,matka
negros,Czarni
sobrevivir,przeżyć
rostro,Twarz
crédito,kredyt
compartir,dzielić się
saca,wyciąga
irás,pójdziesz
pequeñas,mały
veía,Widziałem
empezando,startowy
registro,Rejestracja
continúa,kontynuować
grandioso,wspaniały
viniste,czy przyszedłeś
esquina,narożnik
contado,Gotówka
tengamos,Zróbmy
cientos,setki
tormenta,burza
relájate,po prostu wyluzuj
siéntese,Usiądź
chocolate,czekolada
matt,Matt
pedazo,kawałek
tomo,biorę
olor,zapach
ciencia,nauki ścisłe
kelly,Kelly
conexión,Połączenie
vieron,Zobaczyli
salón,salon
sucio,brudny
firma,podpis
vimos,widzieliśmy
pidiendo,pytając
casarse,pobrać się
bebida,napój
tercer,trzeci
propios,własny
fuertes,potężny
lluvia,deszcz
recién,nowo
tomaré,wezmę
complicado,skomplikowany
europa,Europa
toques,Dotknięci
cámaras,kamery
visión,wizja
llego,przybył
americano,amerykański
diversión,zabawa
pareció,wydawało się
libras,funty
curso,gatunek
disco,dysk
probable,prawdopodobny
precioso,piękny
tenia,miał
lago,jezioro
leído,czytać
consiguió,dostał
parecido,podobny
material,materiał
discurso,przemówienie
entera,cały
it,Przedmiot
corta,niski
completa,kompletny
decirles,Powiedz im
lunes,Poniedziałek
efectivo,gotówka
cura,gojenie : zdrowienie
antigua,starożytny
hablan,Oni mówią
juntas,razem
william,William
cáncer,nowotwór
funeral,pogrzeb
jodido,pierdolony
dave,Dave
artista,artysta
favorito,Ulubiony
guste,Tak jak
cae,spada
termine,skończyłem
entrevista,wywiad
sir,Pan
pintura,farba
quieto,nadal
falso,podróbka
india,Indie
corto,niski
inteligencia,inteligencja
destruir,zniszczyć
cargos,opłaty
podías,Mógłbyś
mentiras,kłamstwa
señoras,damski
helado,mrożony
felicidades,Gratulacje
camioneta,awangarda
mueve,ruszaj się
aparte,oprócz
rock,głaz
tumba,mogiła
seguimos,Kontynuujemy
hablaba,ona mówiła
verle,zobaczyć go
mapa,Mapa
tarea,zadanie
cambió,zmiana
móvil,mobilny
equivocada,zło
responder,odpowiadać
vacío,pusty
felicitaciones,Gratulacje
computadora,komputer
estudiante,student
muriendo,umierający
construir,tworzyć
conocen,Oni wiedzą
clara,jasne
solución,rozwiązanie
mundial,świat
plato,danie
famoso,słynny
des,des
dirá,Powie
ambas,Zarówno
tecnología,technologia
notas,klas
malditos,Cholera
cabrón,głupek
condiciones,warunki
dudo,wątpię
robó,kradzież
escucho,słucham
laura,Laura
rápidamente,szybko
bordo,tablica
nieve,śnieg
mensajes,wiadomości
fecha,data
violencia,przemoc
n,n
sujeto,Przedmiot
acciones,działania
fría,przeziębienie
droga,lek
saldrá,Okaże się
suponía,przypuszczalny
empezamos,Zaczynamy
errores,błędy
grace,Łaska
siglo,wiek
molesto,smutny
acabamos,skończyliśmy
sabéis,"Wiesz, że"
cortar,skaleczenie
seria,byłoby
muevas,ruszaj się
fortuna,fortuna
of,z
imaginar,Wyobrazić sobie
archivos,dokumentacja
presencia,obecność
familias,rodziny
ey,Hej
quedas,Ty zostań
solas,sam
oficiales,Oficerowie
aventura,przygoda
gira,wycieczka
social,Społeczny
comunidad,wspólnota
annie,Annie
alan,Alan
cero,zero
clark,Clark
esperamos,czekamy
ocupada,zajęty
muévete,pójść dalej
convertido,Przekształcony
carl,Carl
pieza,część
estómago,żołądek
disparó,Strzelanie
legal,prawny
conseguí,mam
emma,Emma
carter,miska olejowa
california,Kalifornia
rara,dziwny
estudiantes,studenci
reino,Królestwo
alegría,szczęście
barrio,sąsiedztwo
granja,gospodarstwo rolne
podéis,możesz
esfuerzo,wysiłek
trabajaba,pracowałem
claire,Claire
perdóname,Wybacz mi
tesoro,skarb
empleo,stanowisko
compré,kupiłem
cirugía,Chirurgia
dejamos,Opuszczamy
busco,Szukam
trabajas,pracujesz
clave,Kod Klucza
aparentemente,widocznie
bravo,Brawo
ed,wyd
desearía,chciałbym
cerrada,Zamknięte
new,Nowy
chicago,Chicago
controlar,sprawdzać
pregunté,pytałem o
mostrar,pokazywać
piloto,pilot
pocas,mało
tuvieron,Oni mieli
ayudarle,pomóc Ci
bolso,torebka
llorando,płacz
kyle,Kyle
duerme,spać
dejarme,Zostaw mnie
intentó,wypróbowany
respirar,oddychać
aparece,pojawić się
campaña,kampania
amistad,przyjaźń
corriente,strumień
viven,oni żyją
huesos,Kości
invitados,goście
planta,zakład
ritmo,huśtać się
respuestas,Odpowiedzi
socio,partner
esperas,Oczekujesz
caído,upadły
motor,silnik
mono,kokarda
llevaron,Nieśli
página,strona
poquito,trochę
u,lub
habíamos,Mieliśmy
encontraremos,My znajdziemy
ruego,błagam
dejan,Odejdź
aburrido,znudzony
paquete,pakiet
casada,żonaty
llevarte,Zabierz cię
ted,Przetrząsać
combate,walka
útil,Użyteczne
castillo,zamek
bola,piłka
canciones,Piosenki
mataré,zabiję
muchísimo,bardzo
asistente,uczestnik
llegaron,Przybyli
correcta,prawidłowy
pondré,położę
simon,Szymon
comido,Zjedzony
salgan,schodzić
empecé,ja zacząłem
tirar,rzucić
pasan,podawać
cierta,PRAWDA
honesto,uczciwy
carro,samochód
limpia,czysty
volví,wróciłem
confío,ja ufam
venta,wyprzedaż
huir,uciec
apareció,pokazał się
vais,ty idź
compromiso,zaangażowanie
gustas,Tak jak
aseguro,zapewniam
ira,zamierzać
promesa,obietnica
decírselo,Powiedz mu
cuáles,który
compras,zakupy
importancia,znaczenie
lección,lekcja
hablaré,będę mówił
hacerse,być zrobionym
personalmente,osobiście
roger,zrozumiałem
luke,Łukasz
bolsillo,kieszeń
enojado,zirytowany
desgracia,nieszczęście
artículo,Artykuł
labios,usta
cola,ogon
estemos,Let
whisky,whisky
taza,Miska
despues,później
gary,Gary
preguntarte,zapytać ciebie
pelota,piłka
caminando,pieszy
andar,spcerować
crea,tworzy
chaqueta,kurtka
importaría,umysł
den,legowisko
llegará,zasięg
interesado,zainteresowany
atrapado,złapany
supiera,Wiedziałem
matarlo,Zabij go
árboles,drzewa
obvio,oczywiste
amaba,kochałem
hablaremos,będziemy rozmawiać
entrenamiento,trening
pescado,ryba
últimas,Ostatni
pobres,słaby
dioses,bogowie
nerviosa,nerwowy
vueltas,rundy
encontrarlo,Znajdź go
autos,samochody
alice,Alice
preguntarle,Zapytaj go
lucy,Lucy
abrigo,płaszcz
okay,OK
estudiar,uczyć się
b,b
sonrisa,uśmiech
cobarde,tchórz
olvida,Zapominać
secundaria,wtórny
descubierto,odkryty
convirtió,Przekształcony
coches,samochody
venía,przyszło
josh,Josh
charla,czat
vives,żyjesz
bruja,czarownica
c,c
celular,komórka
rose,Róża
rompió,zepsuł się
andando,pieszy
vean,Widzieć
conseguiste,Masz
susan,Susan
veinte,20
encargo,opłata
matarte,zabić cię
palacio,pałac
convierte,Konwertować
ja,ha
vivos,żywy
pasamos,"zdaliśmy, minęliśmy"
firme,podpisać
daría,dałby
piense,Myśleć
oigo,słyszę
phil,Phil
sorprende,niespodzianka
alemanes,Niemcy
milagro,cud
soportar,znosić
dejaron,Wyszli
smith,Kowal
disculpen,wybaczcie mi
moda,moda
despacho,gabinet
vecinos,sąsiedzi
vaso,szkło
dejarte,Zostaw cię
explosión,pękać
poderes,uprawnienie
regla,reguła
acaban,oni skończyli
copia,Kopiuj
siguiendo,Następny
viajar,podróżować
cadena,strunowy
fábrica,fabryka
mantiene,utrzymuje
meter,położyć
contenta,szczęśliwy
comiendo,jedzenie
educación,Edukacja
maneras,sposoby
fumar,palić
encantador,uroczy
cuantos,wiele
homicidio,zabójstwo
madera,drewno
mayores,większy
grado,stopień
tratamiento,leczenie
blancos,Biały
lord,Lord
anterior,poprzedni
comisario,komisarz
pizza,Pizza
millas,Mile
tira,rozebrać się
fueran,Byli
cumplir,zastosować się
plata,srebro
quedará,Pozostanie
quedaré,zostanę
aléjate,uciec
decidir,zdecydować
lío,bałagan
preguntó,pytam
agencia,agencja
humanidad,ludzkość
usado,używany
guardias,gwardia
parada,Zatrzymaj się
leyes,Prawa
funcionó,zadziałało
odia,nienawidzi
levanta,Podnieść
mires,wyglądać
respira,Oddychać
escaleras,drabiny
decisiones,decyzje
queréis,Chcesz
salvaje,dziki
preguntando,pytając
pasos,Kroki
ambulancia,karetka
traducción,tłumaczenie
trabajado,Oszał
básicamente,zasadniczo
tratado,traktat
parado,zatrzymany
especiales,specjalny
mentiroso,kłamca
libres,darmowy
servicios,usługi
pedirle,Poproś o niego
vivía,ona żyła
medios,głoska bezdźwięczna
compra,zakup
conocimiento,wiedza
armario,szafa
lobo,Wilk
quedamos,zostajemy
ciertamente,z pewnością
permitir,umożliwić
tráfico,ruch drogowy
uniforme,mundur
estuvimos,Byliśmy
alemania,Niemcy
suave,gładki
propias,własny
balas,kule
asqueroso,paskudny
ciento,sto
invierno,zima
consigo,z nim
encuentre,Odnaleźć
jenny,Przędzarka
conductor,kierowca
equipos,ekwipunek
arena,piasek
park,Park
licencia,licencja
tíos,wujkowie
jackson,Jackson
dijera,Mówić
espejo,lustro
marina,Morski
matando,zabicie
seres,Istoty
fiestas,imprezy
mover,ruszaj się
coincidencia,zbieg okoliczności
análisis,analiza
llegando,przyjazd
azúcar,cukier
tim,Tim
casar,ożenić
sótano,piwnica
volvamos,wracajmy
sabrá,będzie wiedział
taylor,Taylor
ocasión,szansa
cheque,sprawdzać
revisar,sprawdzać
ponerme,Postaw siebie
suceder,zdarzyć
acusado,oskarżony
dímelo,powiedz mi
quedé,zostałem
conciencia,świadomość
doc,Doc
pesadilla,koszmar
sopa,zupa
saltar,pomijać
heridas,rany
pienses,myśleć
suicidio,samobójstwo
llamarme,Zadzwoń
posibilidades,szanse
elegido,Wybraniec
divorcio,rozwód
registros,Dokumentacja
recibí,otrzymałem
joey,Joey
escuchas,Ty słuchasz
mirad,Ujrzeć
pierde,Misses
abogados,Prawnicy
trataba,traktowałem
americanos,Amerykanie
llevando,ma na sobie
miel,miód
regrese,wróciłem
dilo,Powiedz to
hermanas,siostry
alemán,Niemiecki
iría,poszedł
lady,Dama
salí,wyszedłem
particular,konkretny
miras,wyglądasz
frontera,granica
ventaja,korzyść
alerta,alarm
piscina,basen
regalos,Prezenty
comportamiento,zachowanie
julia,Julia
señales,sygnały
salimos,Wyszliśmy
revista,czasopismo
hecha,zrobiony
imágenes,obrazy
llegas,przybywasz
rápida,szybki
canal,kanał
paciencia,cierpliwość
sacado,wyjęty
echo,wyrzucił
crisis,kryzys
asesinos,mordercy
oíste,słyszałeś
dejando,Odjazd
estarías,Byłbyś
anteriormente,poprzednio
vigilancia,nadzór
desierto,pustynia
asustada,przestraszony
cuerda,strunowy
míos,moje
chuck,Gdakanie
seguido,Następny
seremos,Będziemy
morgan,Morgan
pene,penis
despierto,obudzić
gobernador,gubernator
sección,Sekcja
casarme,wyjść za mąż
trabajos,Oferty pracy
karen,Karen
preparados,przygotowany
murieron,Umarli
oso,niedźwiedź
curiosidad,ciekawość
vd.,ty.
hank,Motek
impresión,Wydrukować
pez,ryba
pasaba,przeszedł
escuchaste,słuchałeś
torre,wieża
sientas,Czujesz
mentir,kłamać
pasillo,korytarz
juega,bawić się
suéltame,Puścić
arresto,aresztować
ricos,bogaty
sencillo,łatwo
ruta,trasa
documentos,Dokumenty
enamorada,zakochany
apuesta,Zakład
perdida,strata
vinieron,Oni przyszli
ayudarnos,Pomóż nam
presento,Prezentuje
hazme,Zmuś mnie
leí,czytam
arthur,Arthur
virus,wirus
lárgate,Wyjść
sigan,Podążać
compró,ja kupuję
servir,obsługiwać
pongas,Położyć
alarma,alarm
identidad,tożsamość
iguales,równy
aviso,ostrzeżenie
aprendido,nauczyli
caza,polowanie
daba,dał
muchacha,dziewczyna
permanecer,zostawać
bebés,pijesz
opciones,opcje
responde,Odpowiadać
vernos,Zobacz nas
julie,Julie
llamaste,nazywa
ponerse,zakładać
sacó,płaszcz
orgullo,duma
reales,prawdziwy
esperan,czekają
vuelves,Wracasz
maggie,Maggie
serlo,być
cuantas,ile
enfadado,wkurzony
ponen,Włożyli
altura,wzrost
jones,Jones
archivo,"Plik, archiwum"
fred,Fred
ayudará,pomóc
fácilmente,z łatwością
criatura,kreatura
saco,płaszcz
precisamente,dokładnie
máximo,maksymalny
viniendo,nadchodzący
vendría,To by przyszło
louis,Louis
ilegal,nielegalny
refiere,odnosi się
llamamos,Nazywamy
versión,wersja
incendio,ogień
preferiría,wolałbym
gritar,krzyczeć
recibió,Otrzymał
concierto,koncert
casualidad,szansa
excusa,wymówka
rodillas,kolana
cruz,krzyż
dulces,Słodkie
zorra,lis
cómodo,wygodna
cruel,okrutny
sofá,sofa
perdiste,przegrałeś
encantadora,śliczny
salgamos,wyjdźmy
sombra,cień
ganó,wygrał
encantada,miło mi cię poznać
firmar,podpisać
escritorio,biurko
muñeca,nadgarstek
rastro,namierzać
gigante,ogromny
pájaro,ptak
ducha,kabina prysznicowa
tomamos,bierzemy
déjenme,zostaw mnie
condición,stan
recompensa,nagroda
doce,godzina dwunasta
actor,aktor
actitud,nastawienie
cuida,opiekować się
salsa,sos
hubieran,byłoby
carlos,Charles
personaje,postać
dudas,Wątpienie
jackie,Jackie
cambios,zmiany
votos,głosy
vivido,żywy
perdimos,Przegraliśmy
suficientes,wystarczająco 
entrega,dostawa
comercial,Reklama w telewizji
decidí,zdecydowałem
tribu,plemię
pura,Czysty
volveremos,wrócimy
voto,głosować
méxico,Meksyk
amar,kochać
poderoso,potężny
traigo,przynoszę
asesinatos,Morderstwa
fresco,Fajny
privada,prywatny
seamos,Bądźmy
guarda,strażnik
orgullosa,dumny
vivimos,Żyjemy
difíciles,trudny
hagámoslo,Zróbmy to
jefa,szef
trató,sprawa
senador,senator
ayudando,Porcja jedzenia
campeón,mistrz
bebiendo,Picie
adorable,uroczy
ayudó,pomógł
ciego,ślepy
falsa,fałszywy
jo,Jo
sara,Sara
bestia,bestia
alteza,wysoki król
deseos,życzenia
episodio,epizod
celda,komórka
llevarlo,trzymaj to
aguanta,utrzymać
vengas,Przyjeżdżacie
jueves,Czwartek
montañas,góry
pensamientos,myśli
medianoche,środek nocy
llevarme,Weź mnie
garganta,gardło
sesión,sesja
pensaste,Myśl
diles,Powiedz im
muera,umierać
coma,jeść
sentimos,Czujemy się
creas,Wierzysz
escribe,pisać
identificación,ID
circunstancias,okoliczności
preguntado,spytał
veneno,zatruć
primavera,wiosna
súper,super
vuestros,twój
queríamos,Chcieliśmy
aquello,że
preocuparse,martwić się
martes,Wtorek
feo,brzydki
cristo,Chrystus
francisco,Francisco
howard,Howard
virgen,dziewica
distrito,dzielnica
decidió,On zdecydował
reputación,reputacja
socorro,Pomoc
encontraré,znajdę
castigo,kara
dígale,Powiedz mu
límite,limit
junta,spotkanie
ponerte,założyć
casados,żonaty
líneas,linie
estudios,studia
muévanse,ruszaj się
audiencia,publiczność
helen,Helen
nació,urodził się
mato,Mato
jugador,gracz
hmm,HMM
humo,palić
popular,popularny
nación,naród
conocimos,Spotkaliśmy się
tropas,wojsko
sucediendo,wydarzenie
explicación,Wyjaśnienie
salen,Odeszli
discúlpeme,wybaczcie mi
presentar,przedstawiać
donna,Donna
celebrar,świętować
competencia,konkurencja
envía,Wysłać
mantén,Trzymać
verlos,Zobacz ich
biblioteca,biblioteka
fila,wiersz
ésto,ten
misterio,tajemnica
ganador,zwycięzca
puerto,Port
vehículo,pojazd
escapó,uciekł
traeré,Przyniosę
julio,Lipiec
lograr,osiągnąć
desaparecer,znikać
muero,umieram
quítate,Usunąć
favorita,Ulubiony
patio,dziedziniec
golpeó,uderzyć
tontería,niedogodność
miss,Tęsknić
pecado,grzech
comité,komisja
preparada,przygotowany
comprado,kupił
parezca,Wydaje się
emocionante,ekscytujący
caras,twarze
rescate,ratowanie
título,tytuł
llegaste,przybyłeś
decírtelo,Powiedz ci
adivina,zgadywać
elizabeth,Elizabeth
pánico,panika
barry,Barry
quieran,chcieć
abby,Abby
exterior,Zewnętrzny
pasión,pasja
llegan,Przybyli
preparar,organizować coś
guau,wow
patrick,Patrick
tierras,grunt
demostrar,pokazać
elegante,Elegancki
asegurarme,Upewnić się
visitar,wizyta
asegúrate,Upewnić się
darles,daj im
cabezas,Głowy
abra,otwarty
andrew,Andrzej
dean,dziekan
ambiente,otoczenia
conde,liczyć
urgente,pilne
impuestos,podatki
antonio,Antonio
distinto,odrębny
encantan,Kochają
ron,Ron
marcas,marki
ayudarlo,Pomóż mu
leyendo,Czytanie
adecuado,właściwy
cajas,pudła
abandonar,Wyjechać
dispara,strzelać
buscamos,Szukamy
funcionando,pracujący
traté,próbowałem
cia,Inc
tomen,Brać
darnos,daj nam
intentas,Próbujesz
lily,Lilia
gustado,lubił
jamie,Jamie
luchando,zmagający się
apesta,śmierdzi
volando,latający
periódicos,Gazety
lucas,Łukasz
detenido,zatrzymany
curioso,ciekawski
tetas,cycki
caro,kosztowny
asco,niesmak
usó,posługiwać się
buscas,Szukasz
amanda,Amanda
salgo,idę na zewnątrz
decirnos,Powiedz nam
enseñó,Uczę
rick,Stóg
mírate,Spójrz na siebie
stan,Stan
debiste,Jesteś winien
océano,ocean
bolas,kulki
nuevamente,ponownie
damos,dajemy
pagado,wypłacone
federal,federalny
cuán,Jak
escalera,drabina
acepto,zgadzam się
km,km
terapia,terapia
lágrimas,łzy
terreno,grunt
autoridad,autorytet
encuentran,odnaleźć
roca,złóg
superficie,powierzchnia
cubierta,talia kart
terry,Terry
hierba,ziele
juan,Jan
prometido,narzeczony
crecer,Dorastanie
mental,psychiczny
extranjero,Zagraniczny
madame,Pani
prometí,Obiecałem
mismas,to samo
existen,istnieć
veas,idź do s
lento,wolny
dirige,reżyseruje
capaces,zdolny
chino,chiński
vuelvan,Zwrócić
meta,bramka
suelta,luźny
despedida,pożegnanie
sucedido,stało się
pasta,makaron
cristal,kryształ
vegas,Vegas
gritando,Krzyczenie
pare,Zatrzymaj się
peces,ryby
brown,brązowy
guardar,ratować
podían,Mogliby
sabían,Oni wiedzieli
literalmente,dosłownie
salvó,oprócz
aprecio,uznanie
fotografía,Fotografia
patrón,Wzorzec
esposas,żony
king,Król
desafío,wyzwanie
asombroso,zdumiewający
pedazos,sztuki
robin,Rudzik
sales,ty wyjdź
clínica,klinika
atrapar,złapać
experto,ekspert
medida,mierzyć
tele,telewizja
desagradable,nieprzyjemny
custodia,opieka
nacido,urodzić się
anuncio,ogłoszenie
física,fizyczny
hollywood,Hollywood
empezado,zaczęła się
ma,mama
fiebre,gorączka
johnson,Johnson
compañera,partner
ayudarla,Pomóż jej
desgraciado,niefortunny
organización,organizacja
echa,Echa
mina,moje
honestamente,szczerze
deuda,dług
digan,mówić
transporte,transport
cocinar,gotować
delicioso,pyszne
podíamos,moglibyśmy
greg,Greg
dirás,Powiesz
habilidades,umiejętności
sentimiento,uczucie
pudieras,Mógłbyś
golpes,trafienia
nadar,pływać
operaciones,Operacje
admitir,przyznawać 
templo,świątynia
adios,do widzenia
maravilla,Wspaniale
quita,usunąć
mate,kumpel
piano,fortepian
bombas,Lakierki
paredes,ściany
pantalla,ekran
italia,Włochy
pusieron,Włożyli
sally,Wypad
amén,Amen
mac,Prochowiec
civil,cywilny
fantasmas,Duchy
gasolina,benzyna
sabia,wiedziałem
tyler,Tyler
judíos,Żydzi
s.,s.
tripulación,załoga
pagan,płacić
arrestado,aresztowany
extraños,nieznajomi
canta,śpiewa
texas,Teksas
estando,istnienie
flor,kwiat
ricky,Ricky
usan,posługiwać się
cruzar,Krzyż
esperemos,Miejmy nadzieję
guía,przewodnik
preocuparte,martwić się
enseñar,uczyć
irán,Iran
conferencia,konferencja
miro,patrzę
habitaciones,sypialnie
galletas,Biszkopty
hablarle,Porozmawiaj z nim
delito,przestępczość
atacar,atak
objeto,obiekt
disparos,strzały
museo,muzeum
ruedas,koło
recientemente,Niedawno
huevo,jajko
violación,naruszenie
regresó,Zwrócić
sufrir,cierpieć
tina,wanna
terminamos,skończone
disponible,do dyspozycji
rica,pyszne
habilidad,umiejętność
práctica,ćwiczyć
acabe,Skończyć
amado,kochany
haberle,mieć
volvemos,Wracamy
tendrías,Miałbyś
maestra,nauczyciel
city,Miasto
pastillas,tabletki
aprendí,Dowiedziałem się
cable,kabel
nacimiento,narodziny
consciente,świadomy
alcance,zakres
evento,wydarzenie
alquiler,wynajem
ordenador,komputer
incidente,incydent
huh,Huh
escribí,napisałem
estuvieron,Byli
intentaré,Postaram się
pensamiento,myśl
metió,położyć
maleta,torba
condado,Hrabstwo
piezas,sztuki
ladrones,włamywacze
metro,metr
kilos,Kilos
recuerde,Pamiętać
español,hiszpański
motivos,powody
explica,Wyjaśnić
renunciar,poddać się
actuación,wydajność
refugio,schron
harto,Rozdrażniony
reacción,reakcja
paliza,bicie
chef,Szef kuchni
ocurra,zdarzać się
marty,Marty
l,L
entrado,Wchodzić
quitar,budzić wstręt
amanecer,wschód słońca
molly,Pedał
corazones,kiery
rumores,Plotki
llames,Ty dzwonisz
celoso,zazdrosny
utilizar,posługiwać się
territorio,terytorium
olvide,zapomniałem
prácticamente,praktycznie
disfrutar,cieszyć się
intentaba,próbowałem
vecino,sąsiad
pública,publiczny
collar,naszyjnik
golf,Golf
betty,Betty
marco,struktura
cercano,Blisko
fondos,pieniądze
ross,Ross
bruce,Bruce
montar,uchwyt
salvado,uratowany
grados,stopni
dylan,Dylan
moto,motocykl
instrucciones,instrukcje
treinta,trzydzieści
gordon,Gordon
adonde,gdzie
hablarte,Rozmawiać z tobą
jesse,Jesse
emperador,cesarz
cigarrillo,papieros
cuéntame,Powiedz mi
do,robić
secreta,Sekret
haberse,mieć
hitler,Hitler
anne,Anne
mortal,śmiertelny
ronda,okrągły
cuídate,Dbaj o siebie
metal,metal
puro,czysty
cierre,zamknięcie
colores,zabarwienie
eva,Przeddzień
rusia,Rosja
botón,przycisk
hijas,córki
tenerlo,posiadać to
tono,ton
espía,szpieg
empleados,pracownicy
conduce,ona prowadzi
detalle,Szczegół
estuvieras,Ty byłeś
oliver,Oliver
rusos,Rosjanie
déjala,zostaw ją
crema,krem
roy,Roy
contesta,Odpowiedzi
casarte,wyjść za mąż
manda,Wysłać
dias,dni
prisioneros,Więźniowie
echado,kłamliwy
trajiste,Przyniosłeś
charlotte,Charlotte
flota,flota
marie,Marie
criminales,przestępcy
mmm,Hmm
platos,talerze
crímenes,przestępstwa
cometido,zadanie
golpear,bić
igualmente,ty też
dispararon,Strzelili
dejará,zostawi
tontos,Głupcy
sabría,wiedziałby
abran,otwarty
ayudante,asystent
cultura,kultura
revolución,rewolucja
hombro,ramię
botas,buty
adoro,lubię
olvidó,zapominam
biblia,Biblia
saludos,Twoje zdrowie
katie,Katie
deme,daj mi
adultos,Dorośli ludzie
sitios,strony
serpiente,wąż
parker,Parker
nathan,Nathan
romántico,Romantyczny
posiblemente,prawdopodobnie
adivinar,zgadywać
peores,Najgorszy
buscan,szukam
enfrente,z przodu
restos,pozostaje
capacidad,umiejętność
aliento,oddech
placa,tablica rejestracyjna
rata,szczur
áfrica,Afryka
entendí,zrozumiany
metas,cele
cuadro,rama
afortunado,Szczęściarz
puestos,Posty
japón,Japonia
división,podział
subtítulos,Podtytuł
entradas,bilety
bicicleta,rower
vuestras,twój
pesado,ciężki
sugiero,sugeruję
calla,Zamknij się
espacial,przestrzeń
st,St
ventanas,okna
mejorar,ulepszyć
concurso,Konkurs
comisaría,Posterunek policji
sincero,szczery
centavos,centy
naturalmente,naturalnie
deseas,chcesz
pasara,to się stanie
jay,Sójka
esperado,spodziewany
ocurrir,zdarzać się
pondrá,położy
recursos,oznacza
raza,Wyścig
muestras,próbki
personales,osobisty
wilson,Wilson
imaginación,wyobraźnia
volverás,wrócisz
ceremonia,ceremonia
almacén,magazyn
sabor,smak
sentarse,czuć
on,NA 
unión,Unia
frankie,Frankie
reserva,rezerwować
españa,Hiszpania
encanto,czar
aviones,samoloty
calidad,jakość
escondido,ukryty
citas,cytaty
aceite,olej
pusiste,Położyłeś
querrá,będzie chciał
punta,Wskazówka
cinturón,pas
podrán,będzie w stanie
cuales,który
chiste,żart
consecuencias,uderzenie
sinceramente,szczerze mówiąc
lewis,Chwytak
hablaste,Przemówiłeś
vaca,krowa
investigando,przeprowadzanie badań
vuelven,Wracają
chloe,Chloe
prisionero,więzień
investigar,Badania
apellido,nazwisko
actual,obecny
despertar,Obudź się
instante,natychmiastowy
vincent,Vincent
ud,Ty
morirá,umrze
sacaste,Wyjąłeś
justin,Justin
traiga,Przynieść
sentada,posiedzenie
mueva,ruszaj się
jordan,Jordania
terminé,skończyłem
emociones,emocje
dormitorio,sypialnia
pulso,puls
atreves,Odważyć się
frase,wyrażenie
partida,wyjazd
sabíamos,Wiedzieliśmy
parezco,wyglądam jak
excelencia,doskonałość
despedido,zwolniony z pracy
moral,morał
asalto,napaść
decente,przyzwoity
informes,Raporty
asusta,przeraża
trabajan,oni pracują
my,Mój
doug,Doug
poca,mały
pasaría,To by się stało
médica,Medyczny
combustible,gaz
discusión,dyskusja
verán,Zobaczysz
ciertas,PRAWDA
pata,łapa
jean,Drelich
antiguos,starożytny
requiere,wymaga
cogido,złapany
comunicación,Komunikacja
manzana,jabłko
sed,pragnienie
tio,wujek
joyas,klejnoty
cojones,kulki
noble,szlachetny
ee.uu.,USA.
trabajamos,pracujemy
pediste,Zapytałeś
encontrarla,Znajdź to
piedras,Kamienie
traidor,zdrajca
gané,wygrałem
letra,tekst piosenki
conseguimos,Dostajemy
vía,przez
sacerdote,kapłan
efectos,efekty
resistencia,wytrzymałość
arroz,Ryż
arreglado,naprawione
tarjetas,karty
descubrió,odkryty
desconocido,nieznany
mínimo,minimum
disparado,strzał
boston,Boston
entienden,oni rozumieją
bandera,flaga
llamarte,zadzwonię do ciebie
plaza,kwadrat
entrando,wstępowanie
tomará,to zajmie
visitas,Odwiedziny
cooper,Bednarz
demasiada,zbyt wiele
faltan,zaginiony
planeado,zaplanowany
imperio,imperium
esperaré,poczekam
enfadada,zły
levantar,Wstań
cartera,portmonetka
jeremy,Jeremy
importar,importować
depósito,Kaucja
colegas,koledzy
periodista,dziennikarz
comprobar,sprawdzać
funcione,funkcjonować
nina,mała dziewczynka
mereces,Zasługujesz
forense,kryminalistycznych
tensión,napięcie
involucrado,zaangażowany
vacía,pusty
abandonado,opuszczony
vídeo,wideo
ruso,Rosyjski
círculo,okrąg
judío,żydowski
cole,szkoła
gritos,Krzyki
carol,kolęda
empecemos,Zacznijmy
resultó,okazało się
campos,Pola
váyanse,Iść
escribiendo,pismo
divertida,zabawa
pasen,podawać
pinta,Pinta
supo,wiedział
ascensor,winda
quedarnos,zostawać
matará,zabije
aparecer,Pojawić się
helicóptero,śmigłowiec
actuando,gra aktorska
ooh,ooh
pasas,rodzynki
apúrate,Pośpiesz się
big,Duża
entregar,dostarczyć
escape,wydechowy
indios,Hindusi
limpieza,czyszczenie
rebecca,Rebecca
querrás,będziesz chciał
hueso,kość
jessica,Jessica
magnífico,wspaniały
trabajadores,pracownicy
caída,upuszczać
temperatura,temperatura
habia,byli
dejaría,Odszedłbym
encontrará,znajdzie
ejercicio,ćwiczenie
lealtad,lojalność
alas,w
pasaron,Oni zdali
invitación,zaproszenie
diamantes,Diamenty
unidades,jednostki
miller,Młynarz
enojada,zirytowany
decimos,Mówimy
leyenda,legenda
gilipollas,dupek
tomaste,pijesz herbatę
paraíso,raj
gatos,Koty
costumbre,zwyczaj
podria,mógłby
cabaña,kabina
secretaria,Sekretarz
lentamente,powoli
ensayo,test
pagó,Zapłata
familiares,rodzina
gimnasio,siłownia
negativo,negatywny
lenguaje,język
pájaros,Ptaki
presenta,przedstawia
quedes,pozostać
garaje,garaż
palo,stick
león,Lew
oídos,uszy
dick,Kutas
espaldas,obrona
apuestas,Zakłady
científico,naukowy
incluyendo,włącznie z
pelotas,kulki
actividad,ćwiczenie
dragón,smok
necesite,potrzebować
intentamos,Próbujemy
aguantar,wytrzymać
davis,Davis
primeras,pierwszy
generación,Pokolenie
sexuales,seksualny
apetece,Chcesz
grupos,grupy
capital,kapitał
dejemos,Wyjdźmy
habrías,Zrobiłbyś
máquinas,Maszyny
barato,tani
monsieur,Lord
sistemas,systemy
fingir,udawać
pensarlo,Pomyśl o tym
miércoles,Środa
escritor,pisarz
solitario,samotny
recibo,paragon fiskalny
conocerlo,znać go
pudimos,moglibyśmy
convertirse,stać się
almas,dusze
salto,skok
sonar,Śnić
publicidad,reklama
russell,Russell
temporal,tymczasowy
antecedentes,tło
probado,wypróbowany
todd,Todd
kenny,Kenny
llamaron,Oni dzwonili
atractivo,atrakcyjny
váyase,Idź stąd
barra,bar
aniversario,rocznica
intereses,zainteresowania
madres,Matki
deba,Deba
imagina,Wyobrażać sobie
niñera,siostrzyczka
movimientos,Ruchy
quince,piętnaście
holmes,Holmes
muro,Ściana
recibe,otrzymuje
luce,Luce
nací,urodziłem się
prima,kuzyn
cubierto,pokryty
contando,rachunkowość
reír,śmiać się
producto,produkt
daños,szkoda
abrazo,uścisk
gafas,okulary
arreglarlo,napraw to
sobrino,siostrzeniec
man,facet
demanda,żądanie
elecciones,wybory
construcción,budynek
ayudaré,Pomogę
buscado,poszukiwany
criaturas,stworzenia
dejarla,zostaw to
internacional,międzynarodowy
perfil,profil
trozo,kawałek
actriz,aktorka
repito,Powtarzam
bendiga,Błogosławić
pistas,utwory
whoa,Whoa
vecindario,sąsiedztwo
hannah,Hanna
marcus,Marcus
ataques,Ataki
razonable,rozsądny
vende,Sprzedać
gerente,menedżer
sensible,wrażliwy
ríe,śmiać się
izquierdo,lewy
personalidad,osobowość
camina,Spcerować
traes,Przynosisz
tuvieras,Miałeś
albert,Albert
conté,policzyłem
preparando,przygotowanie
secretario,sekretarz
rueda,koło
sorprendido,Zaskoczony
profundamente,głęboko
conoció,ona poznała
grano,ziarno
pagaré,zapłacę
límites,Granic
moneda,waluta
super,super
piedad,pobożność
militares,wojskowy
seguía,Trwał
tocado,wzruszony
ciudadanos,Obywatele
creado,Utworzony
temas,tematy
acepta,akceptujesz
encerrado,zablokowany
opinas,Myślisz
empiezo,początek
borde,Brzeg
llevarla,trzymaj to
barcos,łodzie
toby,Toby
pudieron,mógłby
tocando,wzruszające
harvey,Harvey
profesora,nauczyciel
dejame,pozwól mi
expresión,wyrażenie
asesinada,zamordowany
escándalo,skandal
nervios,nerwowość
ios,iOS
randy,Krzykliwy
emoción,emocja
blake,Blake
catherine,Catherine
oficialmente,oficjalnie
perdedor,przegrany
margaret,Małgorzata
sienten,Oni czują
rumbo,kurs
valle,Dolina
ian,Ian
x,x
viejas,stary
buscaba,szukałem
científicos,naukowcy
gorda,gruba kobieta
juventud,młodzież
hayamos,mamy
preocupación,sprawa
desnudo,nagi
guión,scenariusz
grant,Dotacja
envié,wysłałem
señoritas,Damski
carreras,kariera
tratas,Traktujesz
sucia,brudny
sophie,Zofia
ratas,szczury
mayo,Może
tirado,rzucony
heroína,heroina
háblame,powiedz mi
contestar,odpowiadać
caos,chaos
alternativa,alternatywny
estupidez,głupota
derek,Derek
sorprendente,zdumiewający
pedirte,Zapytaj o ciebie
principios,początek
egoísta,samolubny
mostraré,ja pokażę
sentarme,Usiądź
verdaderamente,naprawdę
enhorabuena,Gratulacje
casey,Casey
peligrosa,niebezpieczny
ánimo,Rozchmurz się
viajes,wycieczki
lujo,luksus
mia,moje
cantando,śpiewanie
religión,religia
nate,Nate
risas,śmiech
despejado,jasne
miserable,nieszczęśliwy
hierro,żelazo
corona,korona
wayne,Wayne
serías,Byłbyś
dispositivo,urządzenie
mencionar,wspomnieć
brad,Ćwiek
mencionó,wspomniany
inmunidad,odporność
grabación,nagranie
producción,produkcja
nuclear,jądrowy
clima,klimat
puesta,położyć
buscarlo,Szukaj tego
carácter,postać
prostituta,prostytutka
llamarlo,zawołaj go
steven,Steven
máscara,maska
alegre,wesoły
comprender,Rozumiesz
volviste,Wróciłeś
cambiando,Wymiana pieniędzy
alianza,Sojusz
encontrarás,znajdziesz
positivo,pozytywny
siglos,wieki
serían,zrobiłbym
desafortunadamente,niestety
guitarra,gitara
hacían,Oni zrobili
estrategia,strategia
entré,Wejdź
vinimos,Przyszliśmy
frecuencia,częstotliwość
poli,policjant
that,że
elena,Elena
discúlpame,Wybacz mi
llevé,niosłem
vince,Vince
prohibido,zabroniony
caray,Wow
arruinar,zepsuć
masa,ciasto
existencia,istnienie
túnel,tunel
bromas,Żarby
evitarlo,Unikaj tego
industria,przemysł
trasera,tył
monstruos,Potwory
mete,położyć
conseguiré,wezmę
inocentes,niewinny
colección,kolekcja
empleado,pracownik
fatal,fatalny
stephen,Stephen
olivia,Olivia
intente,Próbować
expediente,obrady
nancy,Nancy
putas,dziwki
jess,Pęto
petición,Petycja
ayudado,pomógł
lou,Lou
presentación,prezentacja
beth,Beth
vendido,wyprzedane
cerebral,mózgowy
coraje,odwaga
adulto,dorosły
rubia,blond
mandar,wysłać
pierdes,Przegrałeś
gano,wygrał
almorzar,obiad
caridad,jałmużna
oscar,Oscar
sepan,Wiedzieć
llegada,przyjazd
capítulo,rozdział
disculparme,przepraszać
viniera,przyszło
gastos,rachunki
sentirse,czuć
entren,wejść
quédese,Zostawać
tarta,ciasto
volvería,Wrócę
jersey,sweter
mataría,Zabiłbym
breve,krótki
obras,sztuki
acero,stal
llévame,podwieź mnie
street,Ulica
suceda,zdarzyć
cigarrillos,papierosy
funcionará,to będzie działać
alicia,Alicia
haberla,mieć
camarada,towarzysz
confesión,wyznanie
dijimos,powiedzieliśmy
coartada,alibi
desnuda,nagi
payaso,błazen
rayo,promień
guay,Guay
naves,statki
americana,amerykański
político,polityczny
diseño,projekt
condenado,skazany
convencido,przekonany
edward,Edward
policia,Policja
italiano,Włoski
pedro,Pedro
mm,mm
camiseta,Podkoszulek
vendrán,Oni przyjdą
extrañas,zagraniczny
impacto,uderzenie
equipaje,Bagaż
lois,Lois
sufrimiento,cierpienie
salieron,Wyszli
mantente,Zostawać
sabiendo,porozumiewawczy
maten,zabić
adolescente,Nastolatek
soltero,pojedynczy
descubrí,Odkryłam
tranquilos,cichy
influencia,wpływ
oxígeno,tlen
experimento,eksperyment
absurdo,absurdalny
algun,niektóre
habrían,mieliby
ponerle,położyć
empiece,Początek
devolver,zwrócić
propuesta,wniosek
tómalo,Weź to
michelle,Michelle
abrió,Otwierany
plantas,Podłogi
cantante,piosenkarz
traición,zdrada
cementerio,cmentarz
florida,Floryda
pozo,dobrze
patrulla,patrol
brandon,Brandon
planeando,planowanie
ann,Ann
tragedia,tragedia
ethan,Ethan
miami,Miami
autoridades,władze
trate,Leczyć
procedimiento,proces
fantasía,wymyślny
billetes,Bilety
ganamos,wygraliśmy
secuestro,porwanie
sabrás,Będziesz wiedział
prestado,pożyczone
bodas,ślub
béisbol,baseball
ciudades,miasta
conejo,Królik
pregúntale,Zapytaj ją
billete,bilet
esperanzas,nadzieje
díselo,Powiedz jej
significado,oznaczający
mueren,Oni umierają
shawn,Shawn
cincuenta,pięćdziesiąt
jugadores,gracze
web,Sieć
apropiado,właściwy
robot,robot
considerado,uważane
alcanzar,osiągać
patatas,ziemniaki
mantenga,nadążać
continuación,kontynuacja
tradición,tradycja
países,kraje
ocultar,przebranie
tendríamos,Mielibyśmy
electricidad,Elektryczność
bebidas,napoje
siguió,On kontynuował
reto,wyzwanie
aldea,wieś
robaron,Ukradli
aguas,Fale
caminos,drogi
ellen,Ellen
permitido,dozwolony
alli,tam
cima,Top
éi,éi
risa,śmiech
cumplido,komplement
objetos,obiekty
decide,Zdecydować
pregunte,pytałem o
once,jedenaście
matan,Oni zabijają
terrorista,terrorysta
tomes,Brać
términos,semestry
reyes,Królowie
revés,odwrócić
explotar,cios
maletas,Bagaż
nubes,chmury
circo,cyrk
darse,dawać
west,Zachód
prometiste,Obiecałeś
tanque,czołg
uñas,gwóźdź
encargaré,Zlecę
terroristas,Terroryści
estúpidos,głupi
héroes,bohaterowie
salta,Salta
daremos,Damy
agradecido,wdzięczny
victor,Zwycięzca
terror,terror
keith,Keith
sacrificio,poświęcenie
destrucción,zniszczenie
teddy,Miś
texto,tekst
peleas,walki
liga,liga
martha,Martha
ana,Ana
enviaré,wyślę
teléfonos,telefony
porno,bo nie
diera,dawać
oscura,Ciemny
tuyos,Twój
olvido,zapomniałem
queridos,Drogi
colina,wzgórze
bromeas,ŻART
sano,zdrowy
únicos,unikalny
musical,musical
pastor,Pasterz
ponerlo,Umieść to
naranja,Pomarańczowy
batería,bębny
trabajó,praca
reuniones,Spotkania
sue,Pozwać
figura,postać
jesucristo,Jezus Chrystus
funcionan,czy oni pracują
voces,głosy
caroline,Karolina
jacob,Jakub
caramba,Caramba
callejón,aleja
técnica,technika
marshall,Marshall
refería,Odniósł się
notado,Odnotowany
maquillaje,makijaż
lanzar,rzucić
cadáveres,zwłoki
atacó,zaatakowany
vendiendo,sprzedawanie
bailando,taniec
tenerte,mieć Ciebie
cubrir,pokrywa
liz,Liz
policial,Policja
fase,faza
gus,Gus
joseph,Joseph
importaba,importowany
armada,marynarka wojenna
fea,brzydki
porquería,brud
mickey,Mickey
superar,przeżyć
disfruta,smacznego
sueldo,pensja
abiertos,otwarty
piénsalo,Pomyśl o tym
testimonio,świadectwo
incómodo,niewygodny
oyó,albo ja
costado,Stoisko z boku
apaga,wyłącza
considerando,rozważając
bolsas,Torebki
seguiré,będę kontynuował
imaginé,wyobraziłem sobie
detenerlo,przestań
diana,Diana
pasaporte,paszport
infancia,dzieciństwo
suele,zwykle
productos,produkty
rocas,Skały
reverendo,czcigodny
mediodía,południe
golpeado,bity
destruido,zniszczony
reconozco,Rozpoznaję
plástico,Plastikowy
young,Młody
barba,broda
mago,Czarodziej
hojas,pościel
conocerla,znam ją
hallar,odnaleźć
mantequilla,Masło
lidiar,radzić sobie
sentencia,osąd
ideal,ideał
dámelo,daj mi to
mandó,wysyłam
residencia,Dom
francamente,szczerze mówiąc
guerrero,Wojownik
ayudo,pomógł
sigamos,idźmy dalej
jennifer,Jennifer
engañar,oszustwo
baje,Niżej
contaré,Będę liczyć
guantes,rękawice
rompe,Przerwanie
conociste,spotkałeś
hoja,arkusz
decían,Mówili
recepción,Przyjęcie
logrado,znakomity
odias,nienawidzisz
comisión,zamawiać
vampiro,wampir
finales,Egzaminy końcowe
sufrido,cierpiał
azules,Niebieski
usarlo,Użyj tego
cometer,popełniać
descansa,reszta
peleando,walczący
docena,tuzin
estaríamos,Bylibyśmy
sera,To będzie
lanza,włócznia
averiguarlo,Dowiadywać się
lanzamiento,początek
moverse,ruszaj się
ho,Ho
falla,awaria
angela,Angela
técnicamente,technicznie
dejara,zostawi
medias,pończochy
míralo,Patrzeć
físico,fizyczny
hacerla,robić
multitud,załoga
potencial,potencjał
hacías,Zrobiłeś
famosa,słynny
rutina,rutyna
oportunidades,możliwości
progreso,postęp
fascinante,fascynujący
ensalada,Sałatka
cómoda,wygodna
prepara,przygotować
tráeme,przynieś mi
equivocas,zło
tubo,rura
owen,piekarnik
sacarlo,usunąć to
is,es
usas,Używasz
letras,listy
dennis,Dennis
demasiados,za dużo
éstas,te
interrumpir,przerwać
representa,Reprezentuje
socios,wzmacniacz
pecados,grzechy
novela,powieść
herramientas,narzędzia
desaparece,znika
apostar,Zakład
ó,zarówno
septiembre,Wrzesień
vestidos,sukienki
festival,festiwal
franceses,Francuski
queria,poszukiwany
gustar,tak jak
auxilio,Wsparcie
éstos,te
fracaso,awaria
berlín,Berlin
cañón,Kanion
llegaremos,przyjedziemy
empezaron,Zaczęli
spencer,Spencer
fíjate,zauważyć
votar,głosować
merezco,zasługuję
infantil,dziecinny
estacionamiento,parking
asesina,morderczyni
sentarte,siedzieć
mintió,Skłamał
grita,krzyki
ofrecer,zaoferować
ruth,Litość
esclavos,niewolnicy
academia,akademia
probarlo,Spróbuj
viuda,wdowa
reporte,raport
monedas,Monety
rob,Obrabować
advertencia,Zastrzeżenie
jugo,sok
malcolm,Malcolm
pico,szczyt
miré,Patrzeć
rota,złamany
sociales,społeczny
amarillo,żółty
encargado,kierownik
so,południowy zachód
listas,listy
as,as
poderosa,potężny
prometió,Obiecane
drama,dramat
confundido,zmieszany
olvídate,zapominać
normales,normalna
inconsciente,nieświadomy
asegurar,bezpieczne
estadounidense,amerykański
locales,lokalny
informado,powiadomiony
resuelto,rozwiązany
cueva,jaskinia
conduciendo,napędowy
perdidos,Zaginiony
escuchó,usłyszał
patético,żałosne
abril,kwiecień
matemáticas,matematyka
eliminar,usunąć
venid,chodź
hicieras,Zrobiłeś
causar,przyczyna
demasiadas,za dużo
vigilando,oglądanie
función,funkcjonować
solar,słoneczny
encontrarme,Znajdź mnie
williams,Williams
dólar,dolar
trucos,wydziwianie
h,h
lectura,czytanie
camarero,kelner
toman,biorą
regresaré,wrócę
tiendas,sklepy
encontremos,znajdźmy
dimos,Daliśmy
cabina,kabina
deporte,sport
virginia,Virginia
fuga,odpływ
holly,Ostrokrzew
sospechosos,podejrzany
jonathan,Jonathan
ala,do
champán,szampan
quedaba,To było
viera,Widzieć
formar,kształtować
walker,Piechur
detectives,detektywi
entenderlo,Zrozum to
orejas,uszy
obligado,zobowiązany
testamento,będzie
extremadamente,niezwykle
creyó,Wierzył
darán,Dadzą
materia,materiał
detuvo,zatrzymany
casco,kask
sabremos,Będziemy wiedzieć
agenda,Dziennik
rosas,Rosas
aceptado,przyjęty
bello,piękny
fabuloso,wspaniały
llores,płakać
arruinado,rozpieszczony
enterado,świadomy
junio,Czerwiec
baila,Taniec
artistas,Artyści
realizar,realizować
hechizo,zaklęcie
respiración,oddechowy
extremo,skrajny
historial,nagrywać
pongan,Położyć
yeah,Tak
próximos,następny
extraordinario,nadzwyczajny
tigre,Tygrys
fianza,kaucja
consejos,porady
mostrarte,pokażę ci
doctores,Lekarze
auténtico,autentyczny
usamos,Używamy
romance,Romans
miente,kłamstwa
matthew,Mateusz
importan,Import
paren,Paren
indio,indyjski
increíblemente,niewiarygodnie
pierdo,przegrałem
llevaremos,Będziemy nosić
ví,widział
ofrece,oferuje
seco,suchy
willie,Willie
quinn,Quinn
sagrado,poświęcony
monte,Góra
paris,Paryż
discos,dyski
louise,Louise
carrie,Carrie
juguetes,zabawki
cerdos,wieprzowy
enteré,Dowiedziałem się
escapado,uciekłem
matarla,Zabij ją
casó,walizka
ali,Ali
salgas,Ty wyjdź
pasajeros,pasażerowie
debilidad,słabość
civiles,cywile
corbata,krawat
dispuesta,Ułożony
necesitaré,będę potrzebował
cuartel,koszary
cazar,polowanie
robando,kradzież
convencer,przekonać
rollo,rolka
pescar,łowić ryby
mezcla,mieszanina
parejas,Pary
condicional,warunkowy
giro,skręcać
bonitas,Miły
necesites,Potrzebujesz
molestar,niepokoić
amantes,zakochani
gris,Szary
zoe,Zoe
pedimos,Pytamy
refuerzos,wzmocnienie
josé,Joseph
colgar,powiesić
heridos,ranny
arreglo,układ
plazo,termin
harold,Harold
salvajes,dziki
elliot,Elliot
fotografías,Fotografie
sintió,On czuł
hermosas,piękny
ashley,Ashley
convertir,konwertować
contarle,Powiedz mu
retiro,wycofanie
francis,Francis
gravedad,powaga
importe,ilość
lata,Móc
enseñaré,będę uczyć
velas,świece
suyos,jego
símbolo,symbol
reconocimiento,uznanie
típico,typowy
ayudas,Pomoc
regresado,zwrócony
conducta,przeprowadzić
lane,uliczka
ken,Rozpoznać
am,JESTEM
participar,wziąć udział
lana,wełna
shane,Shane
hacernos,zmuś nas
tratan,Traktują
vendedor,sprzedawca
federales,Federalny
pudiéramos,Moglibyśmy
diane,Diane
estrés,stres
césar,przerwać
soltera,pojedynczy
gustará,polubi
em,Em
brujas,Brugy
horario,harmonogram
recuerden,Pamiętać
identificar,do identyfikacji
hill,WZGÓRZE
alfombra,dywan
perdóneme,wybaczcie mi
actores,aktorzy
atractiva,atrakcyjny
permítame,pozwól mi
desperté,obudziłem się
salía,Wyszło
recibiendo,otrzymujący
preciso,dokładny
comprendes,Rozumiesz
white,Biały
altos,Wysoki
fan,miłośnik
papas,ziemniaki
anciano,starzec
profunda,głęboko
petróleo,Ropa naftowa
intenciones,intencje
francesa,Francuski
neil,Neil
jin,Jin
rango,zasięg
sombras,odcienie
malvado,zło
defender,bronić
lleguemos,Zdobądźmy
suba,Suba
jaula,klatka szybowa
watson,Watson
natalie,Natalie
comentarios,uwagi
dosis,dawka
cartel,podpisać
disparen,strzelać
esperad,czekać
cargar,mieć przy sobie
enviaron,Wysłali
jodida,pierdolony
seguí,kontynuowałem
aproximadamente,o
postre,deser
escala,skala
estudiando,uczenie się
pavo,indyk
origen,źródło
considerar,rozważać
fiel,wierny
diego,Diego
embajador,ambasador
tatuaje,tatuaż
población,populacja
harris,Harris
comes,jesz
llamen,połączenie
horribles,okropny
vampiros,Wampiry
dormida,we śnie
niveles,poziomy
largas,długie
pandilla,banda
agrada,Agrada
traigan,przynieść
onda,wibracja
atrapados,złapany
duque,książę
bajas,niski
dejaremos,Wyjdziemy
b.,b.
trono,tron
canto,śpiewanie
aumento,zwiększać
esconder,ukryć
políticos,Politycy
muertes,zgony
anthony,Anthony
pensabas,Myślałeś
saqué,Wyjąłem
taller,warsztat
fantástica,Fantastyczny
practicar,ćwiczyć
asientos,osadzenie
armado,uzbrojony
gibbs,Gibbs
habrán,tam będzie
considera,rozważa
atender,brać udział w
ponemos,My położyliśmy
we,My
consigues,Dostajesz
sentados,posiedzenie
costó,koszt
soñando,dzwonienie
stanley,Stanley
creó,Myślę
ayúdenme,Pomóż mi
juzgado,Sąd
hablarme,Mów do mnie
janet,Janet
bebido,pijany
pierdas,Przegrałeś
ponlo,Umieść to
gallina,kurczak
miguel,Michał
octubre,październik
sentirme,czuć
riesgos,ryzyko
dificil,ciężko
besar,pocałunek
lavar,myć się
sacarte,rozumiem cię
cuyo,którego
cayendo,spadanie w dół
emocional,emocjonalny
prometida,narzeczona
molestia,kłopot
christine,Christine
consiga,Dostawać
huella,odcisk palca
agarra,chwyta
karl,Karl
condena,wyrok
decírmelo,Powiedz mi
cafetería,Stołówka
honesta,uczciwy
tómate,pomidory
pablo,Paweł
medidas,środki
ofreció,oferowany
dió,dało
quizas,być może
celosa,zazdrosny
instinto,instynkt
bancos,banki
mías,moje
emocionado,podekscytowany
juguete,zabawka
villa,miasto
conocida,znany
servirá,będzie służyć
norman,Norman
centavo,grosz
lincoln,Lincoln
connor,Connor
potencia,moc
unido,Zjednoczony
julian,juliański
copias,słyszysz mnie
receta,recepta
interesada,zainteresowany
seguirá,pójdzie za nim
oírme,Usłysz mnie
normas,zasady
cocaína,kokaina
encontrarte,znaleźć Cię
cambie,zmiana
asesinó,morderca
huyendo,uciekać
marihuana,narkotyk
entramos,Wchodzimy
congreso,kongres
capa,warstwa
tocó,wzruszony
mágico,magiczny
beneficios,Korzyści
aburrida,znudzony
invito,Zapraszam
período,Kropka
corredor,biegacz
marte,Mars
ayudaría,mogłoby pomóc
cortado,porąbane
mentiste,skłamałeś
olvidaste,Zapomniałeś
nieto,wnuczka
odiaba,nienawidziłem
fraude,oszustwo
zapato,but
mantenerlo,Zatrzymaj to
liam,Liam
tiró,strzał
sector,sektor
conseguirlo,Dostać to
furgoneta,awangarda
causado,spowodowany
beneficio,korzyść
querrías,Chciałbyś
graduación,ukończenie szkoły
alejado,zdalny
junior,junior
complejo,złożony
miraba,Popatrzyłem
patas,łapy
columna,kolumna
empieces,Ty zaczynasz
bienes,osiedle
quisieras,Chciałbyś
clásico,klasyczny
saque,Na wynos
oírlo,Usłysz to
hígado,wątroba
robaste,ukradłeś
decías,Powiedziałeś
all,Wszystko
lleven,Brać
trabajé,pracowałem
muebles,meble
actos,Dzieje
células,Komórki
presa,ofiara
hubiéramos,mielibyśmy
travis,Travis
joan,Joan
páginas,strony
raymond,Raymond
llenar,wypełnić
riley,Riley
cambian,Zmieniają się
sonríe,uśmiech
moscú,Moskwa
ordenó,zamówiono
go,Iść
motel,motel
venimos,Przychodzimy
cuente,Liczyć
a.,a.
preguntes,ty pytasz
mentido,skłamał
decidimos,zdecydowaliśmy aby
house,Dom
alimentos,żywność
actúa,Działać
prefieres,Ty preferujesz
mason,mason
presupuesto,budżet
prepárate,Przygotuj się
ubicación,Lokalizacja
etapa,etap
olvidaré,zapomnę
trajes,garnitury
santos,Święci
idioma,idiom
fruta,owoc
reconoce,rozpoznać
vuela,Latający
ganando,zwycięski
bendición,błogosławieństwo
luis,Chwytak
compasión,współczucie
reconocer,rozpoznać
desarrollo,rozwijanie
contarte,Powiedz ci
vomitar,Barf
cazador,Łowca
pesca,Wędkarstwo
arco,kokarda
wendy,Wendy
llora,płacz
abandonó,porzucenie
supiste,Wiedziałaś
abogada,prawnik
fama,sława
plano,mieszkanie
elige,wybierać
maíz,kukurydza
remedio,zaradzić
harta,dość
maria,Maria
muéstrame,Pokaż mi
audrey,Audrey
acostumbrado,przyzwyczajony
green,Zielony
leonard,Leonard
disfraz,zwyczaj
termino,termin
hombros,ramiona
química,chemia
vela,świeca
muelle,dok
tiroteo,strzelanie
dirigir,kierować
enterrado,pochowany
acento,akcent
psiquiatra,psychiatra
escoger,wybierać
estupenda,Świetnie
canadá,Kanada
indica,wskazuje
deudas,długi
subiendo,W górę
bla,Bla
desayunar,zjeść śniadanie
tomaron,Zabrali
fines,cele
espíritus,Duchy
ingeniero,inżynier
cráneo,czaszka
desesperado,zdesperowany
baby,Kochanie
separados,rozdzielony
queja,skarżyć się
jugada,ruszaj się
bajando,Zejście
signos,oznaki
dirías,Powiedziałbyś
von,von
buscaré,poszukam
comen,jeść
hong,Hong
pediré,zapytam
documento,dokument
descripción,opis
tercero,trzeci
estructura,Struktura
rehenes,zakładnicy
lleguen,przyjechać
botellas,butelki
encuentren,odnaleźć
bomberos,strażak
horno,piekarnik
préstamo,pożyczka
black,Czarny
tratamos,Traktujemy
autopsia,autopsja
ocupados,zajęty
penny,Grosz
metí,włożyłem
pares,rówieśnicy
propietario,właściciel
supieras,Wiedziałaś
adecuada,odpowiedni
cuarenta,Czterdzieści
profesión,zawód
británico,brytyjski
exámenes,egzaminy
tracy,Tracy
evan,Evan
seth,Seth
moleste,niepokoić
agosto,Sierpień
logró,osiągnięcie
marchar,Maszerować
logan,Logan
crecido,dorosły
representante,przedstawiciel
empiezas,Ty zaczynasz
tareas,obowiązki
gabriel,Gabriel
vodka,wódka
dí,dał
re,odnośnie
terribles,straszny
infeliz,nieszczęśliwy
enormes,olbrzymi
geniales,Świetnie
generoso,hojny
brindis,toast
rita,Rita
directa,bezpośredni
hacéis,Ty robisz
actualmente,w tej chwili
rifle,karabin
casino,kasyno
logro,osiągnięcie
trajeron,Przynieśli
celos,zazdrość
artículos,artykuły
estable,stały
escuadrón,eskadra
ciudadano,obywatel
colin,Colin
sospecha,podejrzenie
violento,brutalny
engañado,oszukany
relacionado,związane z
niega,zaprzecza
vietnam,Wietnam
batman,Ordynans
vendió,sprzedany
ralph,Ralph
chaval,dziecko
macho,mężczyzna
allison,Allison
menores,Nieletni
constantemente,stale
conozca,Wiedzieć
directora,dyrektor
borracha,pijany
ventas,sprzedaż
alivio,ulga
trauma,uraz
enseñarte,uczyć cię
estadounidenses,Amerykanie
necesidades,wymagania
bart,Bart
exposición,ekspozycja
negociar,sprawa
todavia,już
explicarlo,Wyjaśnić
copas,Kubki
golpea,uderzyć
edificios,Budynki
región,region
duros,Ciężko
moviendo,poruszający
kitty,Koteczek
aman,kocham
kong,Kong
ford,Bród
shh,Shh
lógica,logika
eligió,wybrany
sammy,Sammy
sangrando,wykrwawiać się
jefes,Szefowie
comió,jedli
traducido,przetłumaczony
narices,nos
deberes,Praca domowa
grito,krzyk
empresas,Biznes
contactos,Łączność
engaño,oszukany
acusación,oskarżenie
cirujano,chirurg
pagando,intratny
cenizas,proch
retraso,opóźnienie
asesinar,morderstwo
mentí,kłamałem
imaginas,Wyobrażasz sobie
haciéndolo,robić to
ocurriendo,wydarzenie
pechos,Piersi
solicitud,żądanie
enfermedades,Choroby
soporto,stał
buscarla,Poszukaj jej
mona,małpa
fresca,świeży
prioridad,priorytet
mentes,umysły
francos,Franks
rumor,plotka
confías,Ty ufasz
dibujo,Narysował
saliste,Czy wyszedłeś
contaste,Powiedziałeś
buscarte,szukać Cię
prefiere,preferują
almirante,admirał
gastar,wydać
vendrás,Ty przyjdziesz
use,Posługiwać się
craig,Craig
warren,Królikarnia
conjunto,ustawić
profesionales,profesjonaliści
ciertos,niektóre
verdes,Zielony
invitó,zaproszony
alumnos,studenci
presentó,przedstawione
informar,raport
cortó,niski
maya,Maya
apagar,wyłączyć
malditas,Cholera
harían,Zrobiliby
nelson,Nelson
besos,Pocałunki
graciosa,zabawny
chinos,chiński
noviembre,listopad
invisible,niewidzialny
contarme,powiedz mi
economía,gospodarka
logramos,Osiągnęliśmy
combinación,połączenie
enfermos,chory
conectado,połączony
sucederá,To się stanie
asumir,zakładać
rusa,Rosyjski
habitual,zwykły
id,ID
posesión,posiadanie
inténtalo,Spróbuj
ministerio,ministerstwo
saludable,zdrowy
firmado,podpisane
oreja,ucho
calientes,gorący
personajes,postacie
liberar,wydanie
cogió,Wziął
toro,byk
pintar,malować
eternidad,wieczność
similar,Podobnie
sobrina,siostrzenica
tortura,torturować
máxima,maksymalny
franco,Szczery
earl,Hrabia
raras,Rzadki
paige,Paige
espérame,zaczekaj na mnie
nene,Dziecko
deportes,Sporty
sígueme,Chodź za mną
sra,Pani
pulmones,płuca
cuánta,Ile
necesitaremos,Będziemy potrzebować
isabel,Brunatnożółty
acabará,To się skończy
manzanas,jabłka
ratón,mysz
eléctrica,Elektryczny
ee,Ee
productor,producent
quédense,Zostawać
demuestra,przedstawia
lauren,Lauren
eventos,wydarzenia
entendiste,Zrozumiałeś
v,v
reciente,ostatni
empiezan,Oni zaczęli
pasaste,Zdałeś
enfrentar,sprawa
dejaba,wyszedłem
escucharme,Posłuchaj mnie
apariencia,wygląd zewnętrzny
aves,ptaki
radiación,promieniowanie
advierto,ostrzegam
quemado,Spalony
corea,Korea
sandy,Piaszczysty
síntomas,objaw
japoneses,język japoński
kurt,Kurt
juzgar,sędzia
adrian,Adrian
cervezas,piwo
quemar,spalić
kent,Kent
marzo,Marsz